Location,date,total_cases,population,coviddeath_population
United States,2020-01-22,1.0,332915074.0,
United States,2020-01-23,1.0,332915074.0,
United States,2020-01-24,2.0,332915074.0,
United States,2020-01-25,2.0,332915074.0,
United States,2020-01-26,5.0,332915074.0,
United States,2020-01-27,5.0,332915074.0,
United States,2020-01-28,5.0,332915074.0,
United States,2020-01-29,6.0,332915074.0,
United States,2020-01-30,6.0,332915074.0,
United States,2020-01-31,8.0,332915074.0,
United States,2020-02-01,8.0,332915074.0,
United States,2020-02-02,8.0,332915074.0,
United States,2020-02-03,11.0,332915074.0,
United States,2020-02-04,11.0,332915074.0,
United States,2020-02-05,11.0,332915074.0,
United States,2020-02-06,12.0,332915074.0,
United States,2020-02-07,12.0,332915074.0,
United States,2020-02-08,12.0,332915074.0,
United States,2020-02-09,12.0,332915074.0,
United States,2020-02-10,12.0,332915074.0,
United States,2020-02-11,13.0,332915074.0,
United States,2020-02-12,13.0,332915074.0,
United States,2020-02-13,14.0,332915074.0,
United States,2020-02-14,14.0,332915074.0,
United States,2020-02-15,14.0,332915074.0,
United States,2020-02-16,14.0,332915074.0,
United States,2020-02-17,14.0,332915074.0,
United States,2020-02-18,14.0,332915074.0,
United States,2020-02-19,14.0,332915074.0,
United States,2020-02-20,14.0,332915074.0,
United States,2020-02-21,16.0,332915074.0,
United States,2020-02-22,16.0,332915074.0,
United States,2020-02-23,16.0,332915074.0,
United States,2020-02-24,16.0,332915074.0,
United States,2020-02-25,16.0,332915074.0,
United States,2020-02-26,16.0,332915074.0,
United States,2020-02-27,17.0,332915074.0,
United States,2020-02-28,17.0,332915074.0,
United States,2020-02-29,25.0,332915074.0,3.0037690633377566e-07
United States,2020-03-01,32.0,332915074.0,3.0037690633377566e-07
United States,2020-03-02,55.0,332915074.0,1.8022614380026541e-06
United States,2020-03-03,74.0,332915074.0,2.10263834433643e-06
United States,2020-03-04,107.0,332915074.0,3.3041459696715324e-06
United States,2020-03-05,184.0,332915074.0,3.6045228760053083e-06
United States,2020-03-06,237.0,332915074.0,4.20527668867286e-06
United States,2020-03-07,403.0,332915074.0,5.1064074076741859e-06
United States,2020-03-08,519.0,332915074.0,6.3079150330092886e-06
United States,2020-03-09,594.0,332915074.0,6.6082919393430648e-06
United States,2020-03-10,782.0,332915074.0,8.41055337734572e-06
United States,2020-03-11,1147.0,332915074.0,9.9124379090145981e-06
United States,2020-03-12,1586.0,332915074.0,1.2916206972352354e-05
United States,2020-03-13,2219.0,332915074.0,1.531922222302256e-05
United States,2020-03-14,2978.0,332915074.0,1.7421860567358989e-05
United States,2020-03-15,3212.0,332915074.0,2.1026383443364298e-05
United States,2020-03-16,4679.0,332915074.0,2.9136559914376243e-05
United States,2020-03-17,6512.0,332915074.0,4.0250505448725947e-05
United States,2020-03-18,9169.0,332915074.0,5.8273119828752487e-05
United States,2020-03-19,13663.0,332915074.0,7.9900257084784332e-05
United States,2020-03-20,20030.0,332915074.0,0.00011174020915616455
United States,2020-03-21,26025.0,332915074.0,0.00014267903050854344
United States,2020-03-22,34944.0,332915074.0,0.00018112727451926675
United States,2020-03-23,46096.0,332915074.0,0.00023729775600368281
United States,2020-03-24,56714.0,332915074.0,0.0003102893442427903
United States,2020-03-25,68841.0,332915074.0,0.00041031485405193763
United States,2020-03-26,86662.0,332915074.0,0.000535572023993122
United States,2020-03-27,105253.0,332915074.0,0.000692368769099353
United States,2020-03-28,127417.0,332915074.0,0.00090653750331533506
United States,2020-03-29,143544.0,332915074.0,0.0010732466863305804
United States,2020-03-30,165698.0,332915074.0,0.00128561315910856
United States,2020-03-31,192079.0,332915074.0,0.0016097198410427039
United States,2020-04-01,223538.0,332915074.0,0.001993000773524602
United States,2020-04-02,255626.0,332915074.0,0.0024468702789949368
United States,2020-04-03,287830.0,332915074.0,0.0028734054859888979
United States,2020-04-04,319721.0,332915074.0,0.0033558107975609416
United States,2020-04-05,348964.0,332915074.0,0.0038418206320089908
United States,2020-04-06,380693.0,332915074.0,0.0043623738106854243
United States,2020-04-07,410758.0,332915074.0,0.00513614472140123
United States,2020-04-08,441836.0,332915074.0,0.0057822554469251818
United States,2020-04-09,477447.0,332915074.0,0.0064469895406418275
United States,2020-04-10,511786.0,332915074.0,0.0071036134578874614
United States,2020-04-11,540659.0,332915074.0,0.0077467204143480744
United States,2020-04-12,567110.0,332915074.0,0.0083141323904125774
United States,2020-04-13,594152.0,332915074.0,0.0089082779111407853
United States,2020-04-14,622501.0,332915074.0,0.00965171075431688
United States,2020-04-15,648131.0,332915074.0,0.010428785811002358
United States,2020-04-16,677800.0,332915074.0,0.011086310858966993
United States,2020-04-17,710594.0,332915074.0,0.011716801985361588
United States,2020-04-18,738155.0,332915074.0,0.012300734691274448
United States,2020-04-19,763796.0,332915074.0,0.012896382096534327
United States,2020-04-20,793822.0,332915074.0,0.013570728251253652
United States,2020-04-21,819749.0,332915074.0,0.014316564109680418
United States,2020-04-22,849135.0,332915074.0,0.015054590168542503
United States,2020-04-23,881512.0,332915074.0,0.015782703789495575
United States,2020-04-24,913454.0,332915074.0,0.016434221299333536
United States,2020-04-25,944519.0,332915074.0,0.016954474101103633
United States,2020-04-26,970658.0,332915074.0,0.017376804031408923
United States,2020-04-27,995287.0,332915074.0,0.017821361852782911
United States,2020-04-28,1019728.0,332915074.0,0.018494506499876905
United States,2020-04-29,1046333.0,332915074.0,0.019212707682920962
United States,2020-04-30,1075396.0,332915074.0,0.019871133861604596
United States,2020-05-01,1110669.0,332915074.0,0.020444553375795774
United States,2020-05-02,1137974.0,332915074.0,0.020967509569722879
United States,2020-05-03,1161857.0,332915074.0,0.021328862988042409
United States,2020-05-04,1185737.0,332915074.0,0.021736774826843677
United States,2020-05-05,1209670.0,332915074.0,0.022403911935810993
United States,2020-05-06,1234149.0,332915074.0,0.023100485981599021
United States,2020-05-07,1261649.0,332915074.0,0.023676308511040869
United States,2020-05-08,1288996.0,332915074.0,0.024208576389064314
United States,2020-05-09,1313545.0,332915074.0,0.024648328179936962
United States,2020-05-10,1332262.0,332915074.0,0.024949005463177073
United States,2020-05-11,1351318.0,332915074.0,0.025259595184326196
United States,2020-05-12,1374546.0,332915074.0,0.025737494842303237
United States,2020-05-13,1394507.0,332915074.0,0.026257747644073334
United States,2020-05-14,1420479.0,332915074.0,0.026792718914253791
United States,2020-05-15,1445360.0,332915074.0,0.027292846463299526
United States,2020-05-16,1469487.0,332915074.0,0.027652697997087389
United States,2020-05-17,1487862.0,332915074.0,0.027902311206250759
United States,2020-05-18,1510452.0,332915074.0,0.028268470655071626
United States,2020-05-19,1531003.0,332915074.0,0.028702515284723937
United States,2020-05-20,1553571.0,332915074.0,0.0291521795135056
United States,2020-05-21,1578951.0,332915074.0,0.029510829539668128
United States,2020-05-22,1602863.0,332915074.0,0.029872483334893993
United States,2020-05-23,1623019.0,332915074.0,0.030195088132296467
United States,2020-05-24,1643200.0,332915074.0,0.030387629729256418
United States,2020-05-25,1662123.0,332915074.0,0.030566954742337681
United States,2020-05-26,1680803.0,332915074.0,0.030764001992892639
United States,2020-05-27,1699716.0,332915074.0,0.031207959060453962
United States,2020-05-28,1720784.0,332915074.0,0.031535069511451436
United States,2020-05-29,1746025.0,332915074.0,0.0318708908927326
United States,2020-05-30,1769164.0,332915074.0,0.032156248953749689
United States,2020-05-31,1787452.0,332915074.0,0.032342783012582962
United States,2020-06-01,1804714.0,332915074.0,0.032574373607366307
United States,2020-06-02,1825924.0,332915074.0,0.0328696441062924
United States,2020-06-03,1845223.0,332915074.0,0.03317272440478318
United States,2020-06-04,1873274.0,332915074.0,0.033474903572554962
United States,2020-06-05,1899644.0,332915074.0,0.03373863449631602
United States,2020-06-06,1919984.0,332915074.0,0.033929974585650634
United States,2020-06-07,1937726.0,332915074.0,0.034067246831845172
United States,2020-06-08,1954649.0,332915074.0,0.034220739430981729
United States,2020-06-09,1974936.0,332915074.0,0.0344952839233708
United States,2020-06-10,1996585.0,332915074.0,0.034758414093319187
United States,2020-06-11,2018663.0,332915074.0,0.035003521648887551
United States,2020-06-12,2044449.0,332915074.0,0.035250731842800247
United States,2020-06-13,2068520.0,332915074.0,0.035467603969173235
United States,2020-06-14,2087612.0,332915074.0,0.03557183475567105
United States,2020-06-15,2108563.0,332915074.0,0.035692285895110892
United States,2020-06-16,2133232.0,332915074.0,0.035928682520395577
United States,2020-06-17,2160249.0,332915074.0,0.036153364446333242
United States,2020-06-18,2188029.0,332915074.0,0.036363027526954216
United States,2020-06-19,2219601.0,332915074.0,0.03655106347031916
United States,2020-06-20,2251439.0,332915074.0,0.036723179437648412
United States,2020-06-21,2277354.0,332915074.0,0.036818398916956221
United States,2020-06-22,2306904.0,332915074.0,0.036931941387550384
United States,2020-06-23,2345230.0,332915074.0,0.037153919921331047
United States,2020-06-24,2381580.0,332915074.0,0.03738070448561305
United States,2020-06-25,2420687.0,332915074.0,0.037545311030283961
United States,2020-06-26,2470237.0,332915074.0,0.0377333469736489
United States,2020-06-27,2511505.0,332915074.0,0.03788233391919045
United States,2020-06-28,2553767.0,332915074.0,0.037978754906123596
United States,2020-06-29,2595427.0,332915074.0,0.038089593984560757
United States,2020-06-30,2644809.0,332915074.0,0.038257504675201344
United States,2020-07-01,2694309.0,332915074.0,0.038467167755822311
United States,2020-07-02,2748891.0,332915074.0,0.038689146289602974
United States,2020-07-03,2800882.0,332915074.0,0.038892501455190943
United States,2020-07-04,2846831.0,332915074.0,0.038983215280903739
United States,2020-07-05,2900403.0,332915074.0,0.03907993664474322
United States,2020-07-06,2943385.0,332915074.0,0.039191376476993049
United States,2020-07-07,2999948.0,332915074.0,0.039534406904026223
United States,2020-07-08,3060993.0,332915074.0,0.039787023882252928
United States,2020-07-09,3120373.0,332915074.0,0.040096712472683052
United States,2020-07-10,3189154.0,332915074.0,0.040341820028251409
United States,2020-07-11,3249890.0,332915074.0,0.040568304215627078
United States,2020-07-12,3308711.0,332915074.0,0.04071038249232295
United States,2020-07-13,3369709.0,332915074.0,0.040841046446578141
United States,2020-07-14,3434771.0,332915074.0,0.041110184154653208
United States,2020-07-15,3501105.0,332915074.0,0.0414000478692653
United States,2020-07-16,3571458.0,332915074.0,0.041688710076252057
United States,2020-07-17,3638111.0,332915074.0,0.04196355494554746
United States,2020-07-18,3702827.0,332915074.0,0.042228487376933854
United States,2020-07-19,3761990.0,332915074.0,0.042371466784348735
United States,2020-07-20,3823111.0,332915074.0,0.042530366167799295
United States,2020-07-21,3890281.0,332915074.0,0.042859579257141116
United States,2020-07-22,3958354.0,332915074.0,0.043227540967399995
United States,2020-07-23,4026324.0,332915074.0,0.043553750287678474
United States,2020-07-24,4101735.0,332915074.0,0.043882362623207626
United States,2020-07-25,4164563.0,332915074.0,0.044173427845445049
United States,2020-07-26,4221271.0,332915074.0,0.044333829113427287
United States,2020-07-27,4281569.0,332915074.0,0.044664243710394444
United States,2020-07-28,4346536.0,332915074.0,0.045031304289934314
United States,2020-07-29,4411277.0,332915074.0,0.045463847035054954
United States,2020-07-30,4478981.0,332915074.0,0.045851032867319189
United States,2020-07-31,4544935.0,332915074.0,0.046206378747512045
United States,2020-08-01,4602660.0,332915074.0,0.046542500505699538
United States,2020-08-02,4650070.0,332915074.0,0.046679772751894076
United States,2020-08-03,4690947.0,332915074.0,0.046847683442534656
United States,2020-08-04,4752708.0,332915074.0,0.047224656459983548
United States,2020-08-05,4807376.0,332915074.0,0.0476475871441015
United States,2020-08-06,4867011.0,332915074.0,0.048002332270481694
United States,2020-08-07,4928229.0,332915074.0,0.0483901188565586
United States,2020-08-08,4991958.0,332915074.0,0.04871662855374341
United States,2020-08-09,5046757.0,332915074.0,0.048888444144166328
United States,2020-08-10,5098669.0,332915074.0,0.049043739004740891
United States,2020-08-11,5154913.0,332915074.0,0.049373252470989046
United States,2020-08-12,5210272.0,332915074.0,0.049828323484084718
United States,2020-08-13,5261606.0,332915074.0,0.050140114712859174
United States,2020-08-14,5332339.0,332915074.0,0.050533308083250079
United States,2020-08-15,5384084.0,332915074.0,0.050847201950368875
United States,2020-08-16,5419402.0,332915074.0,0.051029831109419811
United States,2020-08-17,5457375.0,332915074.0,0.051170707878490353
United States,2020-08-18,5501497.0,332915074.0,0.051538068834936564
United States,2020-08-19,5547991.0,332915074.0,0.05192465391338813
United States,2020-08-20,5592102.0,332915074.0,0.052257171148699627
United States,2020-08-21,5640812.0,332915074.0,0.052587886122573105
United States,2020-08-22,5685427.0,332915074.0,0.052881955113873877
United States,2020-08-23,5718399.0,332915074.0,0.053030641682509094
United States,2020-08-24,5752235.0,332915074.0,0.053163408275108626
United States,2020-08-25,5794018.0,332915074.0,0.0535340733775245
United States,2020-08-26,5836633.0,332915074.0,0.0538879173731857
United States,2020-08-27,5886680.0,332915074.0,0.054222837623747855
United States,2020-08-28,5933603.0,332915074.0,0.054505492292607934
United States,2020-08-29,5976797.0,332915074.0,0.054800762791534036
United States,2020-08-30,6010407.0,332915074.0,0.054935632022477893
United States,2020-08-31,6044273.0,332915074.0,0.055084018214206783
United States,2020-09-01,6085881.0,332915074.0,0.055402718111826926
United States,2020-09-02,6126067.0,332915074.0,0.055718714617290048
United States,2020-09-03,6171293.0,332915074.0,0.056028403207720179
United States,2020-09-04,6219559.0,332915074.0,0.056322472199020944
United States,2020-09-05,6262464.0,332915074.0,0.056568781262214637
United States,2020-09-06,6292653.0,332915074.0,0.0567009471010015
United States,2020-09-07,6317515.0,332915074.0,0.056797067711028312
United States,2020-09-08,6343923.0,332915074.0,0.05693764410319252
United States,2020-09-09,6377187.0,332915074.0,0.057269560584691334
United States,2020-09-10,6416363.0,332915074.0,0.057547108846143745
United States,2020-09-11,6461401.0,332915074.0,0.057894344549865591
United States,2020-09-12,6506713.0,332915074.0,0.058119326852709589
United States,2020-09-13,6546721.0,332915074.0,0.058239477615243104
United States,2020-09-14,6580165.0,332915074.0,0.058366537046622285
United States,2020-09-15,6616380.0,332915074.0,0.058727590088035485
United States,2020-09-16,6655349.0,332915074.0,0.059014450033584243
United States,2020-09-17,6699789.0,332915074.0,0.059274576434469289
United States,2020-09-18,6750961.0,332915074.0,0.059562938264549718
United States,2020-09-19,6795580.0,332915074.0,0.059776506244953037
United States,2020-09-20,6838310.0,332915074.0,0.059857608009663145
United States,2020-09-21,6870612.0,332915074.0,0.059981663671978991
United States,2020-09-22,6907779.0,332915074.0,0.060292553770034459
United States,2020-09-23,6949641.0,332915074.0,0.060612455175279925
United States,2020-09-24,6998061.0,332915074.0,0.060884897029324661
United States,2020-09-25,7045561.0,332915074.0,0.061159741898620064
United States,2020-09-26,7088588.0,332915074.0,0.061394937016279412
United States,2020-09-27,7123201.0,332915074.0,0.061488654611055543
United States,2020-09-28,7160849.0,332915074.0,0.061591083136115367
United States,2020-09-29,7202549.0,332915074.0,0.061862023105628432
United States,2020-09-30,7241366.0,332915074.0,0.062141974382331509
United States,2020-10-01,7287666.0,332915074.0,0.062417119628533246
United States,2020-10-02,7340916.0,332915074.0,0.062669736606759952
United States,2020-10-03,7390070.0,332915074.0,0.062875795164504936
United States,2020-10-04,7423123.0,332915074.0,0.0629866342429421
United States,2020-10-05,7460581.0,332915074.0,0.063131415911794969
United States,2020-10-06,7504821.0,332915074.0,0.063341980123134953
United States,2020-10-07,7554181.0,332915074.0,0.063618026500055685
United States,2020-10-08,7611958.0,332915074.0,0.06391299662207546
United States,2020-10-09,7667242.0,332915074.0,0.064205263351938213
United States,2020-10-10,7722338.0,332915074.0,0.064403512110118508
United States,2020-10-11,7768542.0,332915074.0,0.064543788125376381
United States,2020-10-12,7812345.0,332915074.0,0.06466333813409722
United States,2020-10-13,7861924.0,332915074.0,0.064896730990318563
United States,2020-10-14,7919783.0,332915074.0,0.065196807519746
United States,2020-10-15,7984021.0,332915074.0,0.065450626005598062
United States,2020-10-16,8053251.0,332915074.0,0.0657338814282708
United States,2020-10-17,8108107.0,332915074.0,0.0659801904914645
United States,2020-10-18,8160327.0,332915074.0,0.066119264999097038
United States,2020-10-19,8228963.0,332915074.0,0.066266449683200584
United States,2020-10-20,8290773.0,332915074.0,0.066547902844435333
United States,2020-10-21,8351506.0,332915074.0,0.066900545332471181
United States,2020-10-22,8430001.0,332915074.0,0.067157968341199234
United States,2020-10-23,8512549.0,332915074.0,0.067443326402216314
United States,2020-10-24,8590011.0,332915074.0,0.067732589363015752
United States,2020-10-25,8651727.0,332915074.0,0.067870161986116617
United States,2020-10-26,8716699.0,332915074.0,0.068026958731222845
United States,2020-10-27,8793463.0,332915074.0,0.0683306397835263
United States,2020-10-28,8879270.0,332915074.0,0.068641229504675411
United States,2020-10-29,8970713.0,332915074.0,0.06894250754172819
United States,2020-10-30,9070685.0,332915074.0,0.069262108570067343
United States,2020-10-31,9159349.0,332915074.0,0.069541759469864073
United States,2020-11-01,9235623.0,332915074.0,0.069692849053749964
United States,2020-11-02,9318467.0,332915074.0,0.069860158990577875
United States,2020-11-03,9441999.0,332915074.0,0.070339860909992918
United States,2020-11-04,9542618.0,332915074.0,0.070676283045086746
United States,2020-11-05,9670997.0,332915074.0,0.0710262221409656
United States,2020-11-06,9795960.0,332915074.0,0.071390879705254789
United States,2020-11-07,9924423.0,332915074.0,0.071726400709629629
United States,2020-11-08,10042322.0,332915074.0,0.071895512907895545
United States,2020-11-09,10162887.0,332915074.0,0.072123498979802872
United States,2020-11-10,10298161.0,332915074.0,0.0725488326791715
United States,2020-11-11,10444824.0,332915074.0,0.072982276555011147
United States,2020-11-12,10604115.0,332915074.0,0.073343930350237008
United States,2020-11-13,10782233.0,332915074.0,0.073704382637837546
United States,2020-11-14,10947484.0,332915074.0,0.07411680013023382
United States,2020-11-15,11086426.0,332915074.0,0.074353497132424826
United States,2020-11-16,11242772.0,332915074.0,0.074598003934180521
United States,2020-11-17,11405372.0,332915074.0,0.075111348067104955
United States,2020-11-18,11577571.0,332915074.0,0.075694680019205138
United States,2020-11-19,11769673.0,332915074.0,0.0763080496619387
United States,2020-11-20,11970620.0,332915074.0,0.076893484252383237
United States,2020-11-21,12151780.0,332915074.0,0.07738550162495797
United States,2020-11-22,12297833.0,332915074.0,0.077704201522578092
United States,2020-11-23,12480942.0,332915074.0,0.07802650594307424
United States,2020-11-24,12653579.0,332915074.0,0.078668111015003178
United States,2020-11-25,12833769.0,332915074.0,0.079344860184973179
United States,2020-11-26,12950368.0,332915074.0,0.079766288984559466
United States,2020-11-27,13163958.0,332915074.0,0.080232473943189483
United States,2020-11-28,13334284.0,332915074.0,0.080640385781990759
United States,2020-11-29,13472294.0,332915074.0,0.080956081910547553
United States,2020-11-30,13629677.0,332915074.0,0.081350176411657468
United States,2020-12-01,13825654.0,332915074.0,0.082116738276621262
United States,2020-12-02,14022769.0,332915074.0,0.082966804921545845
United States,2020-12-03,14242356.0,332915074.0,0.083858623956450828
United States,2020-12-04,14477016.0,332915074.0,0.084643208435794648
United States,2020-12-05,14700949.0,332915074.0,0.085361109241932367
United States,2020-12-06,14879238.0,332915074.0,0.085782538041518669
United States,2020-12-07,15075796.0,332915074.0,0.086250825638493026
United States,2020-12-08,15300300.0,332915074.0,0.087026699187553153
United States,2020-12-09,15520927.0,332915074.0,0.087982198126600908
United States,2020-12-10,15755069.0,332915074.0,0.088879123568913546
United States,2020-12-11,15995518.0,332915074.0,0.089894697889228048
United States,2020-12-12,16217968.0,332915074.0,0.0906555525929715
United States,2020-12-13,16409805.0,332915074.0,0.091153877880579243
United States,2020-12-14,16621838.0,332915074.0,0.091649199399123624
United States,2020-12-15,16845025.0,332915074.0,0.092546425218342623
United States,2020-12-16,17081822.0,332915074.0,0.0936677322096866
United States,2020-12-17,17320798.0,332915074.0,0.094704032536538141
United States,2020-12-18,17571290.0,332915074.0,0.0955877413949721
United States,2020-12-19,17770079.0,332915074.0,0.096414979395015324
United States,2020-12-20,17963497.0,332915074.0,0.09694634614231977
United States,2020-12-21,18164415.0,332915074.0,0.09748612344300156
United States,2020-12-22,18367858.0,332915074.0,0.09847676648009035
United States,2020-12-23,18590369.0,332915074.0,0.099491740046592184
United States,2020-12-24,18801893.0,332915074.0,0.10036944136689947
United States,2020-12-25,18922594.0,332915074.0,0.10082150861093181
United States,2020-12-26,19149577.0,332915074.0,0.10139612963274833
United States,2020-12-27,19285348.0,332915074.0,0.10182807162405628
United States,2020-12-28,19458950.0,332915074.0,0.10239187907724479
United States,2020-12-29,19661533.0,332915074.0,0.10347804197054773
United States,2020-12-30,19881440.0,332915074.0,0.10465942434315846
United States,2020-12-31,20193451.0,332915074.0,0.10565877831053092
United States,2021-01-01,20365836.0,332915074.0,0.10631780524302722
United States,2021-01-02,20648219.0,332915074.0,0.10709848482258871
United States,2021-01-03,20852232.0,332915074.0,0.10753012643699034
United States,2021-01-04,21037750.0,332915074.0,0.10812487271153123
United States,2021-01-05,21267568.0,332915074.0,0.10920743108195816
United States,2021-01-06,21527784.0,332915074.0,0.11038611006241189
United States,2021-01-07,21815648.0,332915074.0,0.11159602824112436
United States,2021-01-08,22120143.0,332915074.0,0.11285430710175652
United States,2021-01-09,22383589.0,332915074.0,0.11383233430877931
United States,2021-01-10,22596522.0,332915074.0,0.11446432731970556
United States,2021-01-11,22800153.0,332915074.0,0.11501611969664072
United States,2021-01-12,23020632.0,332915074.0,0.11633447393853966
United States,2021-01-13,23250418.0,332915074.0,0.11754138834818877
United States,2021-01-14,23484866.0,332915074.0,0.11868041757700644
United States,2021-01-15,23732782.0,332915074.0,0.1198254543439508
United States,2021-01-16,23948318.0,332915074.0,0.12089990253790669
United States,2021-01-17,24126856.0,332915074.0,0.12149795295841727
United States,2021-01-18,24268429.0,332915074.0,0.1219680428168296
United States,2021-01-19,24422908.0,332915074.0,0.12268924776893701
United States,2021-01-20,24611444.0,332915074.0,0.12402352198687165
United States,2021-01-21,24802792.0,332915074.0,0.12526618124837446
United States,2021-01-22,24996029.0,332915074.0,0.12640070482359714
United States,2021-01-23,25173869.0,332915074.0,0.12746884510252005
United States,2021-01-24,25315301.0,332915074.0,0.1280269453944882
United States,2021-01-25,25444718.0,332915074.0,0.128558612518699
United States,2021-01-26,25594566.0,332915074.0,0.12975471335972008
United States,2021-01-27,25750706.0,332915074.0,0.13099466922906591
United States,2021-01-28,25915305.0,332915074.0,0.13215112031845094
United States,2021-01-29,26082301.0,332915074.0,0.13323217680434621
United States,2021-01-30,26232016.0,332915074.0,0.13410357020962049
United States,2021-01-31,26345842.0,332915074.0,0.13469140781531569
United States,2021-02-01,26470732.0,332915074.0,0.13522517757787081
United States,2021-02-02,26588580.0,332915074.0,0.13628640918794804
United States,2021-02-03,26711450.0,332915074.0,0.13746298553005742
United States,2021-02-04,26836759.0,332915074.0,0.13862964943425782
United States,2021-02-05,26968322.0,332915074.0,0.13973323418812811
United States,2021-02-06,27084666.0,332915074.0,0.14055536578076366
United States,2021-02-07,27175145.0,332915074.0,0.14099902247141863
United States,2021-02-08,27257915.0,332915074.0,0.14143486936250896
United States,2021-02-09,27352081.0,332915074.0,0.14235552458042197
United States,2021-02-10,27448070.0,332915074.0,0.14337890870030115
United States,2021-02-11,27554079.0,332915074.0,0.14433741140841222
United States,2021-02-12,27654999.0,332915074.0,0.14520369840627884
United States,2021-02-13,27745918.0,332915074.0,0.14589336378322118
United States,2021-02-14,27814320.0,332915074.0,0.14625321531700905
United States,2021-02-15,27870046.0,332915074.0,0.1465382730011198
United States,2021-02-16,27929071.0,332915074.0,0.14703209263513253
United States,2021-02-17,27997742.0,332915074.0,0.14776681454802496
United States,2021-02-18,28069917.0,332915074.0,0.14854989714283709
United States,2021-02-19,28145430.0,332915074.0,0.14931135260039322
United States,2021-02-20,28219209.0,332915074.0,0.14989198116033639
United States,2021-02-21,28274742.0,332915074.0,0.15026054362440794
United States,2021-02-22,28330085.0,332915074.0,0.1506212962889148
United States,2021-02-23,28403319.0,332915074.0,0.15130495412773048
United States,2021-02-24,28478086.0,332915074.0,0.15228538435000394
United States,2021-02-25,28555685.0,332915074.0,0.153015300232395
United States,2021-02-26,28631575.0,332915074.0,0.1536626124655443
United States,2021-02-27,28702830.0,332915074.0,0.15411948574007794
United States,2021-02-28,28754858.0,332915074.0,0.15445200297538947
United States,2021-03-01,28805388.0,332915074.0,0.15484820011484368
United States,2021-03-02,28862898.0,332915074.0,0.15542882867478688
United States,2021-03-03,28930239.0,332915074.0,0.15620410147003438
United States,2021-03-04,28999122.0,332915074.0,0.1567904371911979
United States,2021-03-05,29067248.0,332915074.0,0.157307986600811
United States,2021-03-06,29128391.0,332915074.0,0.157767863644408
United States,2021-03-07,29170536.0,332915074.0,0.15798143162481132
United States,2021-03-08,29213913.0,332915074.0,0.15819319734377663
United States,2021-03-09,29269398.0,332915074.0,0.15872906974467607
United States,2021-03-10,29326925.0,332915074.0,0.15920126224143277
United States,2021-03-11,29388859.0,332915074.0,0.15967405549200214
United States,2021-03-12,29451918.0,332915074.0,0.16010389484496576
United States,2021-03-13,29507316.0,332915074.0,0.16040337062058055
United States,2021-03-14,29545941.0,332915074.0,0.16056317113475013
United States,2021-03-15,29599094.0,332915074.0,0.16077343496918375
United States,2021-03-16,29652590.0,332915074.0,0.16115221024807067
United States,2021-03-17,29712639.0,332915074.0,0.16151776894307887
United States,2021-03-18,29774282.0,332915074.0,0.16201279008471692
United States,2021-03-19,29835992.0,332915074.0,0.16232698432874204
United States,2021-03-20,29894151.0,332915074.0,0.16255917567733805
United States,2021-03-21,29928773.0,332915074.0,0.16279647343334175
United States,2021-03-22,29977846.0,332915074.0,0.16295657432441765
United States,2021-03-23,30031016.0,332915074.0,0.16324043050090306
United States,2021-03-24,30118489.0,332915074.0,0.16370150905212541
United States,2021-03-25,30186504.0,332915074.0,0.16410942089092667
United States,2021-03-26,30262696.0,332915074.0,0.16446026111752451
United States,2021-03-27,30326043.0,332915074.0,0.16470476791928024
United States,2021-03-28,30371542.0,332915074.0,0.16483993752713041
United States,2021-03-29,30438941.0,332915074.0,0.16503638402387272
United States,2021-03-30,30500307.0,332915074.0,0.16531423266223144
United States,2021-03-31,30569290.0,332915074.0,0.16564494763610493
United States,2021-04-01,30646709.0,332915074.0,0.16598227090191775
United States,2021-04-02,30719710.0,332915074.0,0.16625291049452451
United States,2021-04-03,30783757.0,332915074.0,0.16648450108930785
United States,2021-04-04,30821112.0,332915074.0,0.166575515291927
United States,2021-04-05,30890543.0,332915074.0,0.16671278753812149
United States,2021-04-06,30953090.0,332915074.0,0.1669723131851939
United States,2021-04-07,31028777.0,332915074.0,0.1677514908802237
United States,2021-04-08,31109238.0,332915074.0,0.16806478399352984
United States,2021-04-09,31193686.0,332915074.0,0.16833812697829356
United States,2021-04-10,31263513.0,332915074.0,0.1685555998584792
United States,2021-04-11,31310299.0,332915074.0,0.16864120727678433
United States,2021-04-12,31373912.0,332915074.0,0.16877697763844721
United States,2021-04-13,31455139.0,332915074.0,0.16904040818530194
United States,2021-04-14,31530165.0,332915074.0,0.16932156096963036
United States,2021-04-15,31604288.0,332915074.0,0.1695934020698624
United States,2021-04-16,31684966.0,332915074.0,0.16985202658621582
United States,2021-04-17,31739836.0,332915074.0,0.17006469343590011
United States,2021-04-18,31783114.0,332915074.0,0.17016351743808392
United States,2021-04-19,31846005.0,332915074.0,0.17031490739887614
United States,2021-04-20,31908140.0,332915074.0,0.17056932663854085
United States,2021-04-21,31972388.0,332915074.0,0.17083636170827157
United States,2021-04-22,32039289.0,332915074.0,0.171120217884757
United States,2021-04-23,32102481.0,332915074.0,0.17134910508738332
United States,2021-04-24,32156770.0,332915074.0,0.17157859304382234
United States,2021-04-25,32190911.0,332915074.0,0.17166690385428449
United States,2021-04-26,32234044.0,332915074.0,0.17180898213098034
United States,2021-04-27,32286396.0,332915074.0,0.172012036919662
United States,2021-04-28,32341541.0,332915074.0,0.17231091194146408
United States,2021-04-29,32400406.0,332915074.0,0.17257914851882014
United States,2021-04-30,32458408.0,332915074.0,0.17282185305913786
United States,2021-05-01,32506671.0,332915074.0,0.17304563385435651
United States,2021-05-02,32536739.0,332915074.0,0.17314205484128964
United States,2021-05-03,32582611.0,332915074.0,0.17328413311798552
United States,2021-05-04,32625177.0,332915074.0,0.17355807685656191
United States,2021-05-05,32670956.0,332915074.0,0.17380228328141129
United States,2021-05-06,32717555.0,332915074.0,0.17405069498294931
United States,2021-05-07,32765734.0,332915074.0,0.17429820555376835
United States,2021-05-08,32800889.0,332915074.0,0.17448894488929029
United States,2021-05-09,32823380.0,332915074.0,0.17456073496990407
United States,2021-05-10,32856571.0,332915074.0,0.17468058535553124
United States,2021-05-11,32891774.0,332915074.0,0.17489084918996489
United States,2021-05-12,32927695.0,332915074.0,0.17513054996121924
United States,2021-05-13,32966583.0,332915074.0,0.17536784771722294
United States,2021-05-14,33008627.0,332915074.0,0.17555768592202586
United States,2021-05-15,33039024.0,332915074.0,0.17571658530547643
United States,2021-05-16,33056455.0,332915074.0,0.17579588480874855
United States,2021-05-17,33082275.0,332915074.0,0.17591423330984404
United States,2021-05-18,33111059.0,332915074.0,0.1761485272967844
United States,2021-05-19,33140560.0,332915074.0,0.1763539851007167
United States,2021-05-20,33170660.0,332915074.0,0.176559442904649
United States,2021-05-21,33199350.0,332915074.0,0.17675018224017094
United States,2021-05-22,33220295.0,332915074.0,0.17689556466283651
United States,2021-05-23,33233825.0,332915074.0,0.1769526362750399
United States,2021-05-24,33256079.0,332915074.0,0.1770842013600141
United States,2021-05-25,33280603.0,332915074.0,0.1772788455953184
United States,2021-05-26,33305122.0,332915074.0,0.1775723138328065
United States,2021-05-27,33331959.0,332915074.0,0.17797932454088877
United States,2021-05-28,33354188.0,332915074.0,0.178141528070309
United States,2021-05-29,33367337.0,332915074.0,0.17824665998752584
United States,2021-05-30,33374523.0,332915074.0,0.17829141614656957
United States,2021-05-31,33380601.0,332915074.0,0.17834007720539563
United States,2021-06-01,33401579.0,332915074.0,0.17853201804854291
United States,2021-06-02,33418277.0,332915074.0,0.17870143062371516
United States,2021-06-03,33436646.0,332915074.0,0.17889337146686246
United States,2021-06-04,33454454.0,332915074.0,0.17905167009650036
United States,2021-06-05,33469900.0,332915074.0,0.17922618907908028
United States,2021-06-06,33475821.0,332915074.0,0.179275450891719
United States,2021-06-07,33489980.0,332915074.0,0.17936736622505714
United States,2021-06-08,33502924.0,332915074.0,0.17946679098105361
United States,2021-06-09,33521466.0,332915074.0,0.17961097189609385
United States,2021-06-10,33536394.0,332915074.0,0.17973652944294136
United States,2021-06-11,33561395.0,332915074.0,0.17989843259545527
United States,2021-06-12,33570436.0,332915074.0,0.17998133662160337
United States,2021-06-13,33575621.0,332915074.0,0.1800125758198621
United States,2021-06-14,33587163.0,332915074.0,0.18006664366300218
United States,2021-06-15,33598028.0,332915074.0,0.18016696954971767
United States,2021-06-16,33609901.0,332915074.0,0.1802820139048435
United States,2021-06-17,33621498.0,332915074.0,0.18037723338415129
United States,2021-06-18,33642780.0,332915074.0,0.18056166480464025
United States,2021-06-19,33651711.0,332915074.0,0.18061543227087398
United States,2021-06-20,33656550.0,332915074.0,0.18063735978503634
United States,2021-06-21,33667216.0,332915074.0,0.18071485702687046
United States,2021-06-22,33677896.0,332915074.0,0.18082028932099362
United States,2021-06-23,33690516.0,332915074.0,0.18094013970662079
United States,2021-06-24,33704831.0,332915074.0,0.18104226785477429
United States,2021-06-25,33729219.0,332915074.0,0.18119936497678685
United States,2021-06-26,33738535.0,332915074.0,0.18124742528180027
United States,2021-06-27,33743059.0,332915074.0,0.1812693527959626
United States,2021-06-28,33756713.0,332915074.0,0.18131320782428734
United States,2021-06-29,33763723.0,332915074.0,0.18141443484172182
United States,2021-06-30,33778905.0,332915074.0,0.18150304602909029
United States,2021-07-01,33793912.0,332915074.0,0.18158895382430174
United States,2021-07-02,33823604.0,332915074.0,0.18171961777855694
United States,2021-07-03,33828754.0,332915074.0,0.181746651700127
United States,2021-07-04,33832852.0,332915074.0,0.18175896715328668
United States,2021-07-05,33841566.0,332915074.0,0.18179621388967204
United States,2021-07-06,33864319.0,332915074.0,0.1818863269615722
United States,2021-07-07,33884407.0,332915074.0,0.18198274794850533
United States,2021-07-08,33905190.0,332915074.0,0.18205724142127611
United States,2021-07-09,33952770.0,332915074.0,0.18219601555200232
United States,2021-07-10,33962499.0,332915074.0,0.182221847965947
United States,2021-07-11,33974022.0,332915074.0,0.18225609093326908
United States,2021-07-12,34004042.0,332915074.0,0.18232547799863216
United States,2021-07-13,34030361.0,332915074.0,0.182433313308006
United States,2021-07-14,34061589.0,332915074.0,0.18253303844090882
United States,2021-07-15,34093350.0,332915074.0,0.18263096131237361
United States,2021-07-16,34170681.0,332915074.0,0.18273849624484112
United States,2021-07-17,34184176.0,332915074.0,0.18276102451281614
United States,2021-07-18,34204767.0,332915074.0,0.18281449160214355
United States,2021-07-19,34254549.0,332915074.0,0.18287066208362798
United States,2021-07-20,34293935.0,332915074.0,0.18295837214027744
United States,2021-07-21,34341529.0,332915074.0,0.18306410481130692
United States,2021-07-22,34397917.0,332915074.0,0.18315241562176904
United States,2021-07-23,34518683.0,332915074.0,0.18332062668931598
United States,2021-07-24,34546181.0,332915074.0,0.18335727267188867
United States,2021-07-25,34573276.0,332915074.0,0.18338340546273973
United States,2021-07-26,34654106.0,332915074.0,0.18346150345838649
United States,2021-07-27,34718929.0,332915074.0,0.1835966730662367
United States,2021-07-28,34792074.0,332915074.0,0.18371111666754986
United States,2021-07-29,34864902.0,332915074.0,0.18380933991592102
United States,2021-07-30,35055480.0,332915074.0,0.18407156895515042
United States,2021-07-31,35097395.0,332915074.0,0.18411932888325747
United States,2021-08-01,35140283.0,332915074.0,0.18418421029502557
United States,2021-08-02,35252696.0,332915074.0,0.18428994296605508
United States,2021-08-03,35349429.0,332915074.0,0.184465363079354
United States,2021-08-04,35452414.0,332915074.0,0.18462546397042989
United States,2021-08-05,35561519.0,332915074.0,0.18477685393122209
United States,2021-08-06,35812825.0,332915074.0,0.18512348888113128
United States,2021-08-07,35873301.0,332915074.0,0.18519918386152739
United States,2021-08-08,35906028.0,332915074.0,0.18523462833647478
United States,2021-08-09,36071491.0,332915074.0,0.185384216035829
United States,2021-08-10,36188715.0,332915074.0,0.18564404205980772
United States,2021-08-11,36341730.0,332915074.0,0.18587803566984173
United States,2021-08-12,36486712.0,332915074.0,0.18618201709905149
United States,2021-08-13,36712690.0,332915074.0,0.18649921511214
United States,2021-08-14,36780953.0,332915074.0,0.18657791386159941
United States,2021-08-15,36825005.0,332915074.0,0.18663348358927118
United States,2021-08-16,37028846.0,332915074.0,0.18694497444113931
United States,2021-08-17,37177696.0,332915074.0,0.18725406227775676
United States,2021-08-18,37344288.0,332915074.0,0.18760700514269896
United States,2021-08-19,37498703.0,332915074.0,0.18814197641287939
United States,2021-08-20,37738738.0,332915074.0,0.18858623385734705
United States,2021-08-21,37821250.0,332915074.0,0.18875204190964331
United States,2021-08-22,37861424.0,332915074.0,0.18880580937587704
United States,2021-08-23,38084507.0,332915074.0,0.18921462234539732
United States,2021-08-24,38239604.0,332915074.0,0.18964175830620394
United States,2021-08-25,38412059.0,332915074.0,0.19008931989664127
United States,2021-08-26,38599748.0,332915074.0,0.19075645700560859
United States,2021-08-27,38838233.0,332915074.0,0.19127400641522169
United States,2021-08-28,38911130.0,332915074.0,0.19146414499693096
United States,2021-08-29,38956748.0,332915074.0,0.19155095392286142
United States,2021-08-30,39196293.0,332915074.0,0.19207150710153786
United States,2021-08-31,39376573.0,332915074.0,0.19250495097737749
United States,2021-09-01,39573244.0,332915074.0,0.19311591760486038
United States,2021-09-02,39749108.0,332915074.0,0.19400293060926405
United States,2021-09-03,39986438.0,332915074.0,0.19459437273783523
United States,2021-09-04,40063577.0,332915074.0,0.19478511207335719
United States,2021-09-05,40115821.0,332915074.0,0.19490406132826535
United States,2021-09-06,40196351.0,332915074.0,0.19508398709515928
United States,2021-09-07,40438624.0,332915074.0,0.19570877106033355
United States,2021-09-08,40616538.0,332915074.0,0.19639333002986822
United States,2021-09-09,40781968.0,332915074.0,0.19737976779026833
United States,2021-09-10,41014263.0,332915074.0,0.19810968367265941
United States,2021-09-11,41092395.0,332915074.0,0.19834758218247578
United States,2021-09-12,41137317.0,332915074.0,0.19844850882300391
United States,2021-09-13,41372563.0,332915074.0,0.1990958210561532
United States,2021-09-14,41515237.0,332915074.0,0.19967494773156469
United States,2021-09-15,41691591.0,332915074.0,0.20050579025448395
United States,2021-09-16,41848520.0,332915074.0,0.20154539472730512
United States,2021-09-17,42059125.0,332915074.0,0.20228011664019754
United States,2021-09-18,42130437.0,332915074.0,0.20256967997790329
United States,2021-09-19,42173614.0,332915074.0,0.20267391076440114
United States,2021-09-20,42352899.0,332915074.0,0.20336057237228011
United States,2021-09-21,42469965.0,332915074.0,0.20406795998669619
United States,2021-09-22,42606567.0,332915074.0,0.20492283266212211
United States,2021-09-23,42734142.0,332915074.0,0.20590416401511455
United States,2021-09-24,42910699.0,332915074.0,0.20665030025044767
United States,2021-09-25,42969688.0,332915074.0,0.20688759800645135
United States,2021-09-26,43021946.0,332915074.0,0.20705250492802857
United States,2021-09-27,43181713.0,332915074.0,0.20774457332022161
United States,2021-09-28,43294429.0,332915074.0,0.20851353820043605
United States,2021-09-29,43415387.0,332915074.0,0.20929842305668619
United States,2021-09-30,43526729.0,332915074.0,0.21013887764060815
United States,2021-10-01,43681341.0,332915074.0,0.21078048271253708
United States,2021-10-02,43728344.0,332915074.0,0.21101898197616611
United States,2021-10-03,43771948.0,332915074.0,0.21116887005242665
United States,2021-10-04,43917417.0,332915074.0,0.21175730841193449
United States,2021-10-05,44012786.0,332915074.0,0.21233012717231303
United States,2021-10-06,44125767.0,332915074.0,0.21312041881287719
United States,2021-10-07,44227224.0,332915074.0,0.2138650531636786
United States,2021-10-08,44358947.0,332915074.0,0.21441594440989478
United States,2021-10-09,44396648.0,332915074.0,0.2145427034643676
United States,2021-10-10,44435556.0,332915074.0,0.21468327985653179
United States,2021-10-11,44533042.0,332915074.0,0.21501429520731163
United States,2021-10-12,44644174.0,332915074.0,0.21572108206791502
United States,2021-10-13,44753023.0,332915074.0,0.21669039834465412
United States,2021-10-14,44840005.0,332915074.0,0.2173341060549274
United States,2021-10-15,44949847.0,332915074.0,0.2178828946627992
United States,2021-10-16,44989085.0,332915074.0,0.21804089291553078
United States,2021-10-17,45020167.0,332915074.0,0.21817696365409997
United States,2021-10-18,45120200.0,332915074.0,0.21870082097874607
United States,2021-10-19,45201482.0,332915074.0,0.21934272642758135
United States,2021-10-20,45293434.0,332915074.0,0.22030483365856843
United States,2021-10-21,45371365.0,332915074.0,0.22090198294836
United States,2021-10-22,45467745.0,332915074.0,0.22147149756276879
United States,2021-10-23,45499584.0,332915074.0,0.22163340071528273
United States,2021-10-24,45518157.0,332915074.0,0.22170669268042814
United States,2021-10-25,45629281.0,332915074.0,0.22213142562598412
United States,2021-10-26,45698509.0,332915074.0,0.22261743546043217
United States,2021-10-27,45800881.0,332915074.0,0.22324101791798109
United States,2021-10-28,45876636.0,332915074.0,0.2237943121794479
United States,2021-10-29,45971768.0,332915074.0,0.22431576648884333
United States,2021-10-30,46005638.0,332915074.0,0.22442480330584247
United States,2021-10-31,46037667.0,332915074.0,0.22449479112501827
United States,2021-11-01,46149147.0,332915074.0,0.22487026225793549
United States,2021-11-02,46220114.0,332915074.0,0.2252562465825744
United States,2021-11-03,46305480.0,332915074.0,0.22584708795733294
United States,2021-11-04,46387214.0,332915074.0,0.22621024363709044
United States,2021-11-05,46483909.0,332915074.0,0.22684794380923709
United States,2021-11-06,46518515.0,332915074.0,0.22698641756305696
United States,2021-11-07,46554829.0,332915074.0,0.22704258804454136
United States,2021-11-08,46663871.0,332915074.0,0.22740784636264322
United States,2021-11-09,46743841.0,332915074.0,0.22785450682236155
United States,2021-11-10,46839555.0,332915074.0,0.22836004115572131
United States,2021-11-11,46896228.0,332915074.0,0.22861836529516835
United States,2021-11-12,47041059.0,332915074.0,0.22936660416884574
United States,2021-11-13,47084567.0,332915074.0,0.22953361372876738
United States,2021-11-14,47115787.0,332915074.0,0.22959068534097077
United States,2021-11-15,47250612.0,332915074.0,0.22997246438892102
United States,2021-11-16,47337687.0,332915074.0,0.23037496944340827
United States,2021-11-17,47450374.0,332915074.0,0.23088080415367435
United States,2021-11-18,47560575.0,332915074.0,0.23127940430837926
United States,2021-11-19,47687498.0,332915074.0,0.23182188500121809
United States,2021-11-20,47732305.0,332915074.0,0.23195705460906826
United States,2021-11-21,47771540.0,332915074.0,0.23201712999033502
United States,2021-11-22,47917201.0,332915074.0,0.23238839584656357
United States,2021-11-23,48008489.0,332915074.0,0.23280171446967884
United States,2021-11-24,48120033.0,332915074.0,0.23332767443266927
United States,2021-11-25,48159091.0,332915074.0,0.23346734969411448
United States,2021-11-26,48211796.0,332915074.0,0.23357758801873896
United States,2021-11-27,48237812.0,332915074.0,0.23367070485970243
United States,2021-11-28,48280318.0,332915074.0,0.23373738853290854
United States,2021-11-29,48468058.0,332915074.0,0.23431471294688205
United States,2021-11-30,48585395.0,332915074.0,0.23477338848285376
United States,2021-12-01,48722378.0,332915074.0,0.23540658300140535
United States,2021-12-02,48861600.0,332915074.0,0.2365792544437324
United States,2021-12-03,49020246.0,332915074.0,0.23707067106249446
United States,2021-12-04,49085836.0,332915074.0,0.2372704217052064
United States,2021-12-05,49140102.0,332915074.0,0.23737194909954723
United States,2021-12-06,49319595.0,332915074.0,0.23777775830000417
United States,2021-12-07,49432833.0,332915074.0,0.23828869941767788
United States,2021-12-08,49582496.0,332915074.0,0.23883478463339272
United States,2021-12-09,49704943.0,332915074.0,0.23929466167698973
United States,2021-12-10,49865620.0,332915074.0,0.23984555292320586
United States,2021-12-11,49921455.0,332915074.0,0.2400227752979428
United States,2021-12-12,49972772.0,332915074.0,0.24011889590796962
United States,2021-12-13,50159858.0,332915074.0,0.24053822206921158
United States,2021-12-14,50274681.0,332915074.0,0.24099389383611991
United States,2021-12-15,50418257.0,332915074.0,0.24167965431327992
United States,2021-12-16,50559859.0,332915074.0,0.24205993147669849
United States,2021-12-17,50752628.0,332915074.0,0.24261743101485395
United States,2021-12-18,50830410.0,332915074.0,0.24280997261181392
United States,2021-12-19,50918205.0,332915074.0,0.24288897173817969
United States,2021-12-20,51160618.0,332915074.0,0.24335906159659204
United States,2021-12-21,51338986.0,332915074.0,0.24394930221753791
United States,2021-12-22,51579723.0,332915074.0,0.24459150804327953
United States,2021-12-23,51849468.0,332915074.0,0.24563772080804006
United States,2021-12-24,52082925.0,332915074.0,0.24584257785815969
United States,2021-12-25,52155722.0,332915074.0,0.24590235286252013
United States,2021-12-26,52351414.0,332915074.0,0.24595972485162987
United States,2021-12-27,52860038.0,332915074.0,0.24652473381244372
United States,2021-12-28,53216075.0,332915074.0,0.24724383612620676
United States,2021-12-29,53714478.0,332915074.0,0.24793740640293147
United States,2021-12-30,54302740.0,332915074.0,0.24839518080818412
United States,2021-12-31,54792588.0,332915074.0,0.24860214049664811
United States,2022-01-01,54958865.0,332915074.0,0.24871177806745992
United States,2022-01-02,55262954.0,332915074.0,0.24881300508489443
United States,2022-01-03,56339367.0,332915074.0,0.24936149331585988
United States,2022-01-04,57144882.0,332915074.0,0.25005025756208321
United States,2022-01-05,57789246.0,332915074.0,0.25068315170372851
United States,2022-01-06,58603772.0,332915074.0,0.2512763960937377
United States,2022-01-07,59460479.0,332915074.0,0.25197597390858911
United States,2022-01-08,59846380.0,332915074.0,0.25220516148812178
United States,2022-01-09,60322383.0,332915074.0,0.25235895446416462
United States,2022-01-10,61691256.0,332915074.0,0.2529392826472015
United States,2022-01-11,62461206.0,332915074.0,0.25365478043808853
United States,2022-01-12,63371044.0,332915074.0,0.2545117557518588
United States,2022-01-13,64211440.0,332915074.0,0.25518970642945416
United States,2022-01-14,65070941.0,332915074.0,0.25593013550356686
United States,2022-01-15,65465272.0,332915074.0,0.25619326567351525
United States,2022-01-16,65933232.0,332915074.0,0.25638070086306758
United States,2022-01-17,66595151.0,332915074.0,0.25665734799380097
United States,2022-01-18,67708601.0,332915074.0,0.25741129402869878
United States,2022-01-19,68707224.0,332915074.0,0.25857165001786614
United States,2022-01-20,69417755.0,332915074.0,0.25936164128152395
United States,2022-01-21,70239924.0,332915074.0,0.26030452439050566
United States,2022-01-22,70526042.0,332915074.0,0.26056014513779568
United States,2022-01-23,70881714.0,332915074.0,0.26074277429684667
United States,2022-01-24,71783483.0,332915074.0,0.26134232660188883
United States,2022-01-25,72333439.0,332915074.0,0.26224736222067252
United States,2022-01-26,72980648.0,332915074.0,0.263462687183699
United States,2022-01-27,73465396.0,332915074.0,0.26417217743645938
United States,2022-01-28,74063641.0,332915074.0,0.26533703907922174
United States,2022-01-29,74232238.0,332915074.0,0.26565483784612287
United States,2022-01-30,74424305.0,332915074.0,0.26575125883305606
United States,2022-01-31,74951445.0,332915074.0,0.26647877170019646
United States,2022-02-01,75350359.0,332915074.0,0.26756673685493737