continent,location,date,population,new_vaccinations,Rolling_New_Vac
Asia,Afghanistan,2021-05-27,39835428.0,2859.0,2859.0
Asia,Afghanistan,2021-06-03,39835428.0,4015.0,6874.0
Asia,Afghanistan,2022-01-27,39835428.0,6868.0,13742.0
Europe,Albania,2021-01-13,2872934.0,60.0,60.0
Europe,Albania,2021-01-14,2872934.0,78.0,138.0
Europe,Albania,2021-01-15,2872934.0,42.0,180.0
Europe,Albania,2021-01-16,2872934.0,61.0,241.0
Europe,Albania,2021-01-17,2872934.0,36.0,277.0
Europe,Albania,2021-01-18,2872934.0,42.0,319.0
Europe,Albania,2021-01-19,2872934.0,36.0,355.0
Europe,Albania,2021-01-20,2872934.0,36.0,391.0
Europe,Albania,2021-01-21,2872934.0,30.0,421.0
Europe,Albania,2021-02-18,2872934.0,1348.0,1769.0
Europe,Albania,2021-02-19,2872934.0,1128.0,2897.0
Europe,Albania,2021-03-23,2872934.0,3461.0,6358.0
Europe,Albania,2021-03-24,2872934.0,2302.0,8660.0
Europe,Albania,2021-03-25,2872934.0,5356.0,14016.0
Europe,Albania,2021-03-26,2872934.0,2900.0,16916.0
Europe,Albania,2021-03-27,2872934.0,1827.0,18743.0
Europe,Albania,2021-03-28,2872934.0,13925.0,32668.0
Europe,Albania,2021-03-31,2872934.0,19525.0,52193.0
Europe,Albania,2021-04-01,2872934.0,16617.0,68810.0
Europe,Albania,2021-04-02,2872934.0,17023.0,85833.0
Europe,Albania,2021-04-03,2872934.0,13010.0,98843.0
Europe,Albania,2021-04-04,2872934.0,7386.0,106229.0
Europe,Albania,2021-04-05,2872934.0,13826.0,120055.0
Europe,Albania,2021-04-06,2872934.0,14880.0,134935.0
Europe,Albania,2021-04-07,2872934.0,10791.0,145726.0
Europe,Albania,2021-04-08,2872934.0,10163.0,155889.0
Europe,Albania,2021-04-09,2872934.0,8134.0,164023.0
Europe,Albania,2021-04-10,2872934.0,6134.0,170157.0
Europe,Albania,2021-04-13,2872934.0,13685.0,183842.0
Europe,Albania,2021-04-16,2872934.0,10134.0,193976.0
Europe,Albania,2021-04-17,2872934.0,10218.0,204194.0
Europe,Albania,2021-04-18,2872934.0,8065.0,212259.0
Europe,Albania,2021-04-19,2872934.0,13029.0,225288.0
Europe,Albania,2021-04-20,2872934.0,4066.0,229354.0
Europe,Albania,2021-04-21,2872934.0,22075.0,251429.0
Europe,Albania,2021-04-22,2872934.0,10923.0,262352.0
Europe,Albania,2021-04-23,2872934.0,8353.0,270705.0
Europe,Albania,2021-04-24,2872934.0,8713.0,279418.0
Europe,Albania,2021-04-27,2872934.0,8236.0,287654.0
Europe,Albania,2021-04-28,2872934.0,16773.0,304427.0
Europe,Albania,2021-04-29,2872934.0,19620.0,324047.0
Europe,Albania,2021-04-30,2872934.0,23655.0,347702.0
Europe,Albania,2021-05-01,2872934.0,17125.0,364827.0
Europe,Albania,2021-05-04,2872934.0,19886.0,384713.0
Europe,Albania,2021-05-05,2872934.0,19197.0,403910.0
Europe,Albania,2021-05-06,2872934.0,15642.0,419552.0
Europe,Albania,2021-05-07,2872934.0,13467.0,433019.0
Europe,Albania,2021-05-08,2872934.0,11073.0,444092.0
Europe,Albania,2021-05-09,2872934.0,3234.0,447326.0
Europe,Albania,2021-05-10,2872934.0,12959.0,460285.0
Europe,Albania,2021-05-11,2872934.0,9548.0,469833.0
Europe,Albania,2021-05-12,2872934.0,10169.0,480002.0
Europe,Albania,2021-05-13,2872934.0,5662.0,485664.0
Europe,Albania,2021-05-14,2872934.0,14992.0,500656.0
Europe,Albania,2021-05-18,2872934.0,8864.0,509520.0
Europe,Albania,2021-05-19,2872934.0,8864.0,518384.0
Europe,Albania,2021-05-20,2872934.0,5932.0,524316.0
Europe,Albania,2021-05-21,2872934.0,5103.0,529419.0
Europe,Albania,2021-05-24,2872934.0,8519.0,537938.0
Europe,Albania,2021-05-27,2872934.0,10057.0,547995.0
Europe,Albania,2021-05-31,2872934.0,4257.0,552252.0
Europe,Albania,2021-06-01,2872934.0,3881.0,556133.0
Europe,Albania,2021-06-07,2872934.0,5058.0,561191.0
Europe,Albania,2021-06-08,2872934.0,6310.0,567501.0
Europe,Albania,2021-06-09,2872934.0,6564.0,574065.0
Europe,Albania,2021-06-10,2872934.0,6497.0,580562.0
Europe,Albania,2021-06-11,2872934.0,7228.0,587790.0
Europe,Albania,2021-06-12,2872934.0,4587.0,592377.0
Europe,Albania,2021-06-13,2872934.0,1562.0,593939.0
Europe,Albania,2021-06-14,2872934.0,6105.0,600044.0
Europe,Albania,2021-06-15,2872934.0,5895.0,605939.0
Europe,Albania,2021-06-16,2872934.0,5797.0,611736.0
Europe,Albania,2021-06-17,2872934.0,8401.0,620137.0
Europe,Albania,2021-06-21,2872934.0,9140.0,629277.0
Europe,Albania,2021-06-22,2872934.0,11377.0,640654.0
Europe,Albania,2021-06-23,2872934.0,11445.0,652099.0
Europe,Albania,2021-06-24,2872934.0,10012.0,662111.0
Europe,Albania,2021-06-29,2872934.0,12059.0,674170.0
Europe,Albania,2021-06-30,2872934.0,12536.0,686706.0
Europe,Albania,2021-07-01,2872934.0,6452.0,693158.0
Europe,Albania,2021-07-02,2872934.0,7013.0,700171.0
Europe,Albania,2021-07-05,2872934.0,5531.0,705702.0
Europe,Albania,2021-07-06,2872934.0,5982.0,711684.0
Europe,Albania,2021-07-07,2872934.0,5600.0,717284.0
Europe,Albania,2021-07-08,2872934.0,5634.0,722918.0
Europe,Albania,2021-07-09,2872934.0,5257.0,728175.0
Europe,Albania,2021-07-10,2872934.0,4854.0,733029.0
Europe,Albania,2021-07-11,2872934.0,1394.0,734423.0
Europe,Albania,2021-07-12,2872934.0,6432.0,740855.0
Europe,Albania,2021-07-13,2872934.0,6433.0,747288.0
Europe,Albania,2021-07-14,2872934.0,7832.0,755120.0
Europe,Albania,2021-07-15,2872934.0,8609.0,763729.0
Europe,Albania,2021-07-16,2872934.0,7934.0,771663.0
Europe,Albania,2021-07-17,2872934.0,7093.0,778756.0
Europe,Albania,2021-07-18,2872934.0,2230.0,780986.0
Europe,Albania,2021-07-21,2872934.0,13029.0,794015.0
Europe,Albania,2021-07-22,2872934.0,14332.0,808347.0
Europe,Albania,2021-07-30,2872934.0,11078.0,819425.0
Europe,Albania,2021-07-31,2872934.0,8086.0,827511.0
Europe,Albania,2021-08-01,2872934.0,4154.0,831665.0
Europe,Albania,2021-08-02,2872934.0,9674.0,841339.0
Europe,Albania,2021-08-03,2872934.0,8879.0,850218.0
Europe,Albania,2021-08-04,2872934.0,7765.0,857983.0
Europe,Albania,2021-08-05,2872934.0,8631.0,866614.0
Europe,Albania,2021-08-16,2872934.0,9556.0,876170.0
Europe,Albania,2021-08-17,2872934.0,9585.0,885755.0
Europe,Albania,2021-08-22,2872934.0,3414.0,889169.0
Europe,Albania,2021-08-23,2872934.0,9950.0,899119.0
Europe,Albania,2021-08-24,2872934.0,9677.0,908796.0
Europe,Albania,2021-08-25,2872934.0,9263.0,918059.0
Europe,Albania,2021-08-26,2872934.0,10254.0,928313.0
Europe,Albania,2021-08-27,2872934.0,12070.0,940383.0
Europe,Albania,2021-08-30,2872934.0,13284.0,953667.0
Europe,Albania,2021-08-31,2872934.0,14268.0,967935.0
Europe,Albania,2021-09-01,2872934.0,12934.0,980869.0
Europe,Albania,2021-09-02,2872934.0,14648.0,995517.0
Europe,Albania,2021-09-07,2872934.0,14394.0,1009911.0
Europe,Albania,2021-09-08,2872934.0,13687.0,1023598.0
Europe,Albania,2021-09-09,2872934.0,12089.0,1035687.0
Europe,Albania,2021-09-10,2872934.0,10173.0,1045860.0
Europe,Albania,2021-09-11,2872934.0,8621.0,1054481.0
Europe,Albania,2021-09-12,2872934.0,3356.0,1057837.0
Europe,Albania,2021-09-13,2872934.0,8605.0,1066442.0
Europe,Albania,2021-09-14,2872934.0,7954.0,1074396.0
Europe,Albania,2021-09-15,2872934.0,7525.0,1081921.0
Europe,Albania,2021-09-16,2872934.0,7350.0,1089271.0
Europe,Albania,2021-09-17,2872934.0,7253.0,1096524.0
Europe,Albania,2021-09-20,2872934.0,7711.0,1104235.0
Europe,Albania,2021-09-21,2872934.0,7995.0,1112230.0
Europe,Albania,2021-09-22,2872934.0,8503.0,1120733.0
Europe,Albania,2021-09-23,2872934.0,9551.0,1130284.0
Europe,Albania,2021-09-24,2872934.0,9911.0,1140195.0
Europe,Albania,2021-09-28,2872934.0,8863.0,1149058.0
Europe,Albania,2021-09-29,2872934.0,8553.0,1157611.0
Europe,Albania,2021-09-30,2872934.0,8824.0,1166435.0
Europe,Albania,2021-10-01,2872934.0,7733.0,1174168.0
Europe,Albania,2021-10-02,2872934.0,6934.0,1181102.0
Europe,Albania,2021-10-05,2872934.0,6828.0,1187930.0
Europe,Albania,2021-10-06,2872934.0,6551.0,1194481.0
Europe,Albania,2021-10-07,2872934.0,5891.0,1200372.0
Europe,Albania,2021-10-08,2872934.0,5608.0,1205980.0
Europe,Albania,2021-10-09,2872934.0,5759.0,1211739.0
Europe,Albania,2021-10-12,2872934.0,6634.0,1218373.0
Europe,Albania,2021-10-13,2872934.0,6147.0,1224520.0
Europe,Albania,2021-10-18,2872934.0,5805.0,1230325.0
Europe,Albania,2021-10-19,2872934.0,5973.0,1236298.0
Europe,Albania,2021-10-20,2872934.0,5981.0,1242279.0
Europe,Albania,2021-10-21,2872934.0,5720.0,1247999.0
Europe,Albania,2021-10-22,2872934.0,5607.0,1253606.0
Europe,Albania,2021-10-25,2872934.0,5488.0,1259094.0
Europe,Albania,2021-10-28,2872934.0,5611.0,1264705.0
Europe,Albania,2021-10-29,2872934.0,5172.0,1269877.0
Europe,Albania,2021-11-07,2872934.0,2472.0,1272349.0
Europe,Albania,2021-11-10,2872934.0,8614.0,1280963.0
Europe,Albania,2021-11-11,2872934.0,8258.0,1289221.0
Europe,Albania,2021-11-17,2872934.0,8607.0,1297828.0
Europe,Albania,2021-11-18,2872934.0,8205.0,1306033.0
Europe,Albania,2021-11-25,2872934.0,7112.0,1313145.0
Europe,Albania,2021-12-01,2872934.0,10758.0,1323903.0
Europe,Albania,2021-12-06,2872934.0,9202.0,1333105.0
Europe,Albania,2021-12-07,2872934.0,10133.0,1343238.0
Europe,Albania,2021-12-08,2872934.0,5009.0,1348247.0
Europe,Albania,2021-12-13,2872934.0,9944.0,1358191.0
Europe,Albania,2021-12-14,2872934.0,10313.0,1368504.0
Europe,Albania,2021-12-15,2872934.0,9865.0,1378369.0
Europe,Albania,2022-01-05,2872934.0,11284.0,1389653.0
Europe,Albania,2022-01-11,2872934.0,9006.0,1398659.0
Africa,Algeria,2021-01-30,44616626.0,30.0,30.0
Africa,Algeria,2021-11-22,44616626.0,23526.0,23556.0
Africa,Algeria,2021-11-30,44616626.0,147230.0,170786.0
Europe,Andorra,2021-04-05,77354.0,2829.0,2829.0
Europe,Andorra,2021-04-12,77354.0,1973.0,4802.0
North America,Anguilla,2021-02-14,15125.0,1421.0,1421.0
North America,Antigua and Barbuda,2021-04-17,98728.0,225.0,225.0
North America,Antigua and Barbuda,2021-05-26,98728.0,2221.0,2446.0
North America,Antigua and Barbuda,2021-05-27,98728.0,1709.0,4155.0
North America,Antigua and Barbuda,2021-06-07,98728.0,1686.0,5841.0
North America,Antigua and Barbuda,2021-07-09,98728.0,260.0,6101.0
North America,Antigua and Barbuda,2021-07-21,98728.0,114.0,6215.0
North America,Antigua and Barbuda,2021-07-22,98728.0,1325.0,7540.0
North America,Antigua and Barbuda,2021-07-29,98728.0,135.0,7675.0
North America,Antigua and Barbuda,2021-08-31,98728.0,432.0,8107.0
South America,Argentina,2021-01-21,45605823.0,17791.0,17791.0
South America,Argentina,2021-01-22,45605823.0,13878.0,31669.0
South America,Argentina,2021-01-23,45605823.0,8462.0,40131.0
South America,Argentina,2021-01-24,45605823.0,3959.0,44090.0
South America,Argentina,2021-01-25,45605823.0,363.0,44453.0
South America,Argentina,2021-01-26,45605823.0,13494.0,57947.0
South America,Argentina,2021-01-27,45605823.0,12153.0,70100.0
South America,Argentina,2021-01-28,45605823.0,9966.0,80066.0
South America,Argentina,2021-01-29,45605823.0,16035.0,96101.0
South America,Argentina,2021-01-30,45605823.0,22350.0,118451.0
South America,Argentina,2021-02-04,45605823.0,47456.0,165907.0
South America,Argentina,2021-02-07,45605823.0,29769.0,195676.0
South America,Argentina,2021-02-08,45605823.0,10430.0,206106.0
South America,Argentina,2021-02-09,45605823.0,1596.0,207702.0
South America,Argentina,2021-02-10,45605823.0,22125.0,229827.0
South America,Argentina,2021-02-11,45605823.0,37625.0,267452.0
South America,Argentina,2021-02-12,45605823.0,18704.0,286156.0
South America,Argentina,2021-02-13,45605823.0,14613.0,300769.0
South America,Argentina,2021-02-14,45605823.0,3360.0,304129.0
South America,Argentina,2021-02-15,45605823.0,186.0,304315.0
South America,Argentina,2021-02-16,45605823.0,1378.0,305693.0
South America,Argentina,2021-02-17,45605823.0,1153.0,306846.0
South America,Argentina,2021-02-18,45605823.0,23261.0,330107.0
South America,Argentina,2021-02-19,45605823.0,33071.0,363178.0
South America,Argentina,2021-02-20,45605823.0,38494.0,401672.0
South America,Argentina,2021-02-21,45605823.0,13119.0,414791.0
South America,Argentina,2021-02-22,45605823.0,1967.0,416758.0
South America,Argentina,2021-02-23,45605823.0,24381.0,441139.0
South America,Argentina,2021-02-24,45605823.0,33840.0,474979.0
South America,Argentina,2021-02-25,45605823.0,49377.0,524356.0
South America,Argentina,2021-02-26,45605823.0,74083.0,598439.0
South America,Argentina,2021-02-27,45605823.0,80980.0,679419.0
South America,Argentina,2021-02-28,45605823.0,40108.0,719527.0
South America,Argentina,2021-03-01,45605823.0,24166.0,743693.0
South America,Argentina,2021-03-02,45605823.0,76939.0,820632.0
South America,Argentina,2021-03-03,45605823.0,55184.0,875816.0
South America,Argentina,2021-03-04,45605823.0,71169.0,946985.0
South America,Argentina,2021-03-05,45605823.0,105135.0,1052120.0
South America,Argentina,2021-03-08,45605823.0,20621.0,1072741.0
South America,Argentina,2021-03-09,45605823.0,102258.0,1174999.0
South America,Argentina,2021-03-10,45605823.0,125481.0,1300480.0
South America,Argentina,2021-03-11,45605823.0,144636.0,1445116.0
South America,Argentina,2021-03-12,45605823.0,179131.0,1624247.0
South America,Argentina,2021-03-13,45605823.0,196533.0,1820780.0
South America,Argentina,2021-03-14,45605823.0,86691.0,1907471.0
South America,Argentina,2021-03-15,45605823.0,22765.0,1930236.0
South America,Argentina,2021-03-16,45605823.0,137168.0,2067404.0
South America,Argentina,2021-03-17,45605823.0,126741.0,2194145.0
South America,Argentina,2021-03-18,45605823.0,137050.0,2331195.0
South America,Argentina,2021-03-19,45605823.0,134211.0,2465406.0
South America,Argentina,2021-03-20,45605823.0,124500.0,2589906.0
South America,Argentina,2021-03-21,45605823.0,55964.0,2645870.0
South America,Argentina,2021-03-22,45605823.0,22616.0,2668486.0
South America,Argentina,2021-03-23,45605823.0,98287.0,2766773.0
South America,Argentina,2021-03-24,45605823.0,88202.0,2854975.0
South America,Argentina,2021-03-25,45605823.0,36906.0,2891881.0
South America,Argentina,2021-03-26,45605823.0,108576.0,3000457.0
South America,Argentina,2021-03-27,45605823.0,96045.0,3096502.0
South America,Argentina,2021-03-28,45605823.0,54823.0,3151325.0
South America,Argentina,2021-03-29,45605823.0,20785.0,3172110.0
South America,Argentina,2021-03-30,45605823.0,98498.0,3270608.0
South America,Argentina,2021-03-31,45605823.0,147366.0,3417974.0
South America,Argentina,2021-04-01,45605823.0,131085.0,3549059.0
South America,Argentina,2021-04-02,45605823.0,100135.0,3649194.0
South America,Argentina,2021-04-03,45605823.0,55744.0,3704938.0
South America,Argentina,2021-04-04,45605823.0,55609.0,3760547.0
South America,Argentina,2021-04-05,45605823.0,26303.0,3786850.0
South America,Argentina,2021-04-06,45605823.0,143367.0,3930217.0
South America,Argentina,2021-04-07,45605823.0,167644.0,4097861.0
South America,Argentina,2021-04-08,45605823.0,199395.0,4297256.0
South America,Argentina,2021-04-09,45605823.0,184809.0,4482065.0
South America,Argentina,2021-04-10,45605823.0,245445.0,4727510.0
South America,Argentina,2021-04-11,45605823.0,112144.0,4839654.0
South America,Argentina,2021-04-12,45605823.0,76388.0,4916042.0
South America,Argentina,2021-04-13,45605823.0,181878.0,5097920.0
South America,Argentina,2021-04-14,45605823.0,183041.0,5280961.0
South America,Argentina,2021-04-15,45605823.0,180227.0,5461188.0
South America,Argentina,2021-04-16,45605823.0,157870.0,5619058.0
South America,Argentina,2021-04-17,45605823.0,133856.0,5752914.0
South America,Argentina,2021-04-18,45605823.0,61940.0,5814854.0
South America,Argentina,2021-04-19,45605823.0,45742.0,5860596.0
South America,Argentina,2021-04-20,45605823.0,98587.0,5959183.0
South America,Argentina,2021-04-21,45605823.0,117427.0,6076610.0
South America,Argentina,2021-04-22,45605823.0,142870.0,6219480.0
South America,Argentina,2021-04-23,45605823.0,113973.0,6333453.0
South America,Argentina,2021-04-24,45605823.0,209868.0,6543321.0
South America,Argentina,2021-04-25,45605823.0,117670.0,6660991.0
South America,Argentina,2021-04-26,45605823.0,79755.0,6740746.0
South America,Argentina,2021-04-27,45605823.0,171946.0,6912692.0
South America,Argentina,2021-04-28,45605823.0,171336.0,7084028.0
South America,Argentina,2021-04-29,45605823.0,157020.0,7241048.0
South America,Argentina,2021-04-30,45605823.0,150207.0,7391255.0
South America,Argentina,2021-05-01,45605823.0,106257.0,7497512.0
South America,Argentina,2021-05-02,45605823.0,26432.0,7523944.0
South America,Argentina,2021-05-03,45605823.0,41891.0,7565835.0
South America,Argentina,2021-05-04,45605823.0,157218.0,7723053.0
South America,Argentina,2021-05-05,45605823.0,194502.0,7917555.0
South America,Argentina,2021-05-06,45605823.0,199548.0,8117103.0
South America,Argentina,2021-05-07,45605823.0,229630.0,8346733.0
South America,Argentina,2021-05-08,45605823.0,181056.0,8527789.0
South America,Argentina,2021-05-09,45605823.0,80850.0,8608639.0
South America,Argentina,2021-05-10,45605823.0,40162.0,8648801.0
South America,Argentina,2021-05-11,45605823.0,114246.0,8763047.0
South America,Argentina,2021-05-12,45605823.0,146940.0,8909987.0
South America,Argentina,2021-05-13,45605823.0,157566.0,9067553.0
South America,Argentina,2021-05-14,45605823.0,162853.0,9230406.0
South America,Argentina,2021-05-15,45605823.0,158259.0,9388665.0
South America,Argentina,2021-05-16,45605823.0,65160.0,9453825.0
South America,Argentina,2021-05-17,45605823.0,75047.0,9528872.0
South America,Argentina,2021-05-18,45605823.0,190538.0,9719410.0
South America,Argentina,2021-05-19,45605823.0,190557.0,9909967.0
South America,Argentina,2021-05-20,45605823.0,165596.0,10075563.0
South America,Argentina,2021-05-21,45605823.0,209261.0,10284824.0
South America,Argentina,2021-05-22,45605823.0,199877.0,10484701.0
South America,Argentina,2021-05-23,45605823.0,108891.0,10593592.0
South America,Argentina,2021-05-24,45605823.0,81918.0,10675510.0
South America,Argentina,2021-05-25,45605823.0,92741.0,10768251.0
South America,Argentina,2021-05-26,45605823.0,88857.0,10857108.0
South America,Argentina,2021-05-27,45605823.0,172410.0,11029518.0
South America,Argentina,2021-05-28,45605823.0,173257.0,11202775.0
South America,Argentina,2021-05-29,45605823.0,229964.0,11432739.0
South America,Argentina,2021-05-30,45605823.0,213204.0,11645943.0
South America,Argentina,2021-05-31,45605823.0,137396.0,11783339.0
South America,Argentina,2021-06-01,45605823.0,239781.0,12023120.0
South America,Argentina,2021-06-02,45605823.0,304037.0,12327157.0
South America,Argentina,2021-06-03,45605823.0,278080.0,12605237.0
South America,Argentina,2021-06-04,45605823.0,294872.0,12900109.0
South America,Argentina,2021-06-05,45605823.0,356454.0,13256563.0
South America,Argentina,2021-06-06,45605823.0,361972.0,13618535.0
South America,Argentina,2021-06-07,45605823.0,243671.0,13862206.0
South America,Argentina,2021-06-08,45605823.0,327641.0,14189847.0
South America,Argentina,2021-06-09,45605823.0,348929.0,14538776.0
South America,Argentina,2021-06-10,45605823.0,340674.0,14879450.0
South America,Argentina,2021-06-11,45605823.0,376815.0,15256265.0
South America,Argentina,2021-06-12,45605823.0,372518.0,15628783.0
South America,Argentina,2021-06-13,45605823.0,184161.0,15812944.0
South America,Argentina,2021-06-14,45605823.0,95141.0,15908085.0
South America,Argentina,2021-06-15,45605823.0,261726.0,16169811.0
South America,Argentina,2021-06-16,45605823.0,232850.0,16402661.0
South America,Argentina,2021-06-17,45605823.0,296009.0,16698670.0
South America,Argentina,2021-06-18,45605823.0,303307.0,17001977.0
South America,Argentina,2021-06-19,45605823.0,361186.0,17363163.0
South America,Argentina,2021-06-20,45605823.0,248268.0,17611431.0
South America,Argentina,2021-06-21,45605823.0,113510.0,17724941.0
South America,Argentina,2021-06-22,45605823.0,181776.0,17906717.0
South America,Argentina,2021-06-23,45605823.0,266109.0,18172826.0
South America,Argentina,2021-06-24,45605823.0,274896.0,18447722.0
South America,Argentina,2021-06-25,45605823.0,284128.0,18731850.0
South America,Argentina,2021-06-26,45605823.0,293423.0,19025273.0
South America,Argentina,2021-06-27,45605823.0,250237.0,19275510.0
South America,Argentina,2021-06-28,45605823.0,202112.0,19477622.0
South America,Argentina,2021-06-29,45605823.0,270117.0,19747739.0
South America,Argentina,2021-06-30,45605823.0,321628.0,20069367.0
South America,Argentina,2021-07-01,45605823.0,364396.0,20433763.0
South America,Argentina,2021-07-02,45605823.0,402305.0,20836068.0
South America,Argentina,2021-07-03,45605823.0,471399.0,21307467.0
South America,Argentina,2021-07-04,45605823.0,398505.0,21705972.0
South America,Argentina,2021-07-05,45605823.0,264199.0,21970171.0
South America,Argentina,2021-07-06,45605823.0,369269.0,22339440.0
South America,Argentina,2021-07-07,45605823.0,504015.0,22843455.0
South America,Argentina,2021-07-08,45605823.0,404692.0,23248147.0
South America,Argentina,2021-07-09,45605823.0,326276.0,23574423.0
South America,Argentina,2021-07-10,45605823.0,470009.0,24044432.0
South America,Argentina,2021-07-11,45605823.0,98528.0,24142960.0
South America,Argentina,2021-07-12,45605823.0,245269.0,24388229.0
South America,Argentina,2021-07-13,45605823.0,392093.0,24780322.0
South America,Argentina,2021-07-14,45605823.0,464251.0,25244573.0
South America,Argentina,2021-07-15,45605823.0,416284.0,25660857.0
South America,Argentina,2021-07-16,45605823.0,376857.0,26037714.0
South America,Argentina,2021-07-17,45605823.0,422563.0,26460277.0
South America,Argentina,2021-07-18,45605823.0,265875.0,26726152.0
South America,Argentina,2021-07-19,45605823.0,230421.0,26956573.0
South America,Argentina,2021-07-20,45605823.0,394697.0,27351270.0
South America,Argentina,2021-07-21,45605823.0,438923.0,27790193.0
South America,Argentina,2021-07-22,45605823.0,410213.0,28200406.0
South America,Argentina,2021-07-23,45605823.0,400916.0,28601322.0
South America,Argentina,2021-07-24,45605823.0,362482.0,28963804.0
South America,Argentina,2021-07-25,45605823.0,285466.0,29249270.0
South America,Argentina,2021-07-26,45605823.0,157019.0,29406289.0
South America,Argentina,2021-07-27,45605823.0,350138.0,29756427.0
South America,Argentina,2021-07-28,45605823.0,424887.0,30181314.0
South America,Argentina,2021-07-29,45605823.0,420529.0,30601843.0
South America,Argentina,2021-07-30,45605823.0,395273.0,30997116.0
South America,Argentina,2021-07-31,45605823.0,406924.0,31404040.0
South America,Argentina,2021-08-01,45605823.0,270789.0,31674829.0
South America,Argentina,2021-08-02,45605823.0,186604.0,31861433.0
South America,Argentina,2021-08-03,45605823.0,360491.0,32221924.0
South America,Argentina,2021-08-04,45605823.0,640050.0,32861974.0
South America,Argentina,2021-08-05,45605823.0,400033.0,33262007.0
South America,Argentina,2021-08-06,45605823.0,398193.0,33660200.0
South America,Argentina,2021-08-07,45605823.0,295984.0,33956184.0
South America,Argentina,2021-08-08,45605823.0,194784.0,34150968.0
South America,Argentina,2021-08-09,45605823.0,277865.0,34428833.0
South America,Argentina,2021-08-10,45605823.0,344985.0,34773818.0
South America,Argentina,2021-08-13,45605823.0,275539.0,35049357.0
South America,Argentina,2021-08-14,45605823.0,349866.0,35399223.0
South America,Argentina,2021-08-15,45605823.0,253797.0,35653020.0
South America,Argentina,2021-08-16,45605823.0,167557.0,35820577.0
South America,Argentina,2021-08-17,45605823.0,132681.0,35953258.0
South America,Argentina,2021-08-18,45605823.0,292587.0,36245845.0
South America,Argentina,2021-08-19,45605823.0,454648.0,36700493.0
South America,Argentina,2021-08-20,45605823.0,456268.0,37156761.0
South America,Argentina,2021-08-21,45605823.0,438944.0,37595705.0
South America,Argentina,2021-08-22,45605823.0,319710.0,37915415.0
South America,Argentina,2021-08-23,45605823.0,229637.0,38145052.0
South America,Argentina,2021-08-24,45605823.0,374119.0,38519171.0
South America,Argentina,2021-08-25,45605823.0,443773.0,38962944.0
South America,Argentina,2021-08-26,45605823.0,455792.0,39418736.0
South America,Argentina,2021-08-27,45605823.0,447768.0,39866504.0
South America,Argentina,2021-08-28,45605823.0,450166.0,40316670.0
South America,Argentina,2021-08-29,45605823.0,320066.0,40636736.0
South America,Argentina,2021-08-30,45605823.0,305128.0,40941864.0
South America,Argentina,2021-08-31,45605823.0,330033.0,41271897.0
South America,Argentina,2021-09-01,45605823.0,532106.0,41804003.0
South America,Argentina,2021-09-02,45605823.0,429252.0,42233255.0
South America,Argentina,2021-09-03,45605823.0,474386.0,42707641.0
South America,Argentina,2021-09-04,45605823.0,352861.0,43060502.0
South America,Argentina,2021-09-05,45605823.0,352261.0,43412763.0
South America,Argentina,2021-09-06,45605823.0,266060.0,43678823.0
South America,Argentina,2021-09-07,45605823.0,509967.0,44188790.0
South America,Argentina,2021-09-08,45605823.0,346131.0,44534921.0
South America,Argentina,2021-09-09,45605823.0,394040.0,44928961.0
South America,Argentina,2021-09-10,45605823.0,381595.0,45310556.0
South America,Argentina,2021-09-11,45605823.0,391658.0,45702214.0
South America,Argentina,2021-09-12,45605823.0,203884.0,45906098.0
South America,Argentina,2021-09-13,45605823.0,100962.0,46007060.0
South America,Argentina,2021-09-14,45605823.0,247097.0,46254157.0
South America,Argentina,2021-09-15,45605823.0,300682.0,46554839.0
South America,Argentina,2021-09-16,45605823.0,393449.0,46948288.0
South America,Argentina,2021-09-17,45605823.0,373808.0,47322096.0
South America,Argentina,2021-09-18,45605823.0,262026.0,47584122.0
South America,Argentina,2021-09-19,45605823.0,257410.0,47841532.0
South America,Argentina,2021-09-20,45605823.0,187362.0,48028894.0
South America,Argentina,2021-09-21,45605823.0,313926.0,48342820.0
South America,Argentina,2021-09-22,45605823.0,397853.0,48740673.0
South America,Argentina,2021-09-23,45605823.0,280822.0,49021495.0
South America,Argentina,2021-09-24,45605823.0,267711.0,49289206.0
South America,Argentina,2021-09-25,45605823.0,298042.0,49587248.0
South America,Argentina,2021-09-26,45605823.0,179132.0,49766380.0
South America,Argentina,2021-09-27,45605823.0,155001.0,49921381.0
South America,Argentina,2021-09-28,45605823.0,243269.0,50164650.0
South America,Argentina,2021-09-29,45605823.0,295530.0,50460180.0
South America,Argentina,2021-09-30,45605823.0,262607.0,50722787.0
South America,Argentina,2021-10-01,45605823.0,307686.0,51030473.0
South America,Argentina,2021-10-02,45605823.0,320152.0,51350625.0
South America,Argentina,2021-10-03,45605823.0,196482.0,51547107.0
South America,Argentina,2021-10-04,45605823.0,152385.0,51699492.0
South America,Argentina,2021-10-05,45605823.0,192743.0,51892235.0
South America,Argentina,2021-10-06,45605823.0,252996.0,52145231.0
South America,Argentina,2021-10-07,45605823.0,252833.0,52398064.0
South America,Argentina,2021-10-08,45605823.0,273323.0,52671387.0
South America,Argentina,2021-10-09,45605823.0,159945.0,52831332.0
South America,Argentina,2021-10-10,45605823.0,160655.0,52991987.0
South America,Argentina,2021-10-11,45605823.0,135233.0,53127220.0
South America,Argentina,2021-10-14,45605823.0,361598.0,53488818.0
South America,Argentina,2021-10-15,45605823.0,388787.0,53877605.0
South America,Argentina,2021-10-16,45605823.0,501961.0,54379566.0
South America,Argentina,2021-10-20,45605823.0,504943.0,54884509.0
South America,Argentina,2021-10-21,45605823.0,209219.0,55093728.0
South America,Argentina,2021-10-22,45605823.0,398310.0,55492038.0
South America,Argentina,2021-10-23,45605823.0,417368.0,55909406.0
South America,Argentina,2021-10-24,45605823.0,302785.0,56212191.0
South America,Argentina,2021-10-25,45605823.0,78272.0,56290463.0
South America,Argentina,2021-10-26,45605823.0,424893.0,56715356.0
South America,Argentina,2021-10-27,45605823.0,332195.0,57047551.0
South America,Argentina,2021-10-28,45605823.0,336255.0,57383806.0
South America,Argentina,2021-10-29,45605823.0,431567.0,57815373.0
South America,Argentina,2021-10-30,45605823.0,199543.0,58014916.0
South America,Argentina,2021-10-31,45605823.0,202282.0,58217198.0
South America,Argentina,2021-11-01,45605823.0,148623.0,58365821.0
South America,Argentina,2021-11-02,45605823.0,210374.0,58576195.0
South America,Argentina,2021-11-03,45605823.0,74334.0,58650529.0
South America,Argentina,2021-11-04,45605823.0,552352.0,59202881.0
South America,Argentina,2021-11-07,45605823.0,363518.0,59566399.0
South America,Argentina,2021-11-08,45605823.0,168351.0,59734750.0
South America,Argentina,2021-11-09,45605823.0,138703.0,59873453.0
South America,Argentina,2021-11-10,45605823.0,201925.0,60075378.0
South America,Argentina,2021-11-11,45605823.0,241176.0,60316554.0
South America,Argentina,2021-11-12,45605823.0,195516.0,60512070.0
South America,Argentina,2021-11-13,45605823.0,196749.0,60708819.0
South America,Argentina,2021-11-14,45605823.0,222337.0,60931156.0
South America,Argentina,2021-11-15,45605823.0,1297018.0,62228174.0
South America,Argentina,2021-11-20,45605823.0,214081.0,62442255.0
South America,Argentina,2021-11-21,45605823.0,114402.0,62556657.0
South America,Argentina,2021-11-22,45605823.0,132111.0,62688768.0
South America,Argentina,2021-11-23,45605823.0,300974.0,62989742.0
South America,Argentina,2021-11-28,45605823.0,149125.0,63138867.0
South America,Argentina,2021-11-29,45605823.0,352874.0,63491741.0
South America,Argentina,2021-11-30,45605823.0,366976.0,63858717.0
South America,Argentina,2021-12-01,45605823.0,373463.0,64232180.0
South America,Argentina,2021-12-02,45605823.0,395132.0,64627312.0
South America,Argentina,2021-12-03,45605823.0,326568.0,64953880.0
South America,Argentina,2021-12-04,45605823.0,184327.0,65138207.0
South America,Argentina,2021-12-05,45605823.0,110748.0,65248955.0
South America,Argentina,2021-12-08,45605823.0,485477.0,65734432.0
South America,Argentina,2021-12-11,45605823.0,178611.0,65913043.0
South America,Argentina,2021-12-12,45605823.0,109822.0,66022865.0
South America,Argentina,2021-12-13,45605823.0,291424.0,66314289.0
South America,Argentina,2021-12-14,45605823.0,331643.0,66645932.0
South America,Argentina,2021-12-15,45605823.0,370175.0,67016107.0
South America,Argentina,2021-12-16,45605823.0,311393.0,67327500.0
South America,Argentina,2021-12-17,45605823.0,298658.0,67626158.0
South America,Argentina,2021-12-18,45605823.0,174667.0,67800825.0
South America,Argentina,2021-12-19,45605823.0,115695.0,67916520.0
South America,Argentina,2021-12-20,45605823.0,300659.0,68217179.0
South America,Argentina,2021-12-23,45605823.0,342474.0,68559653.0
South America,Argentina,2021-12-24,45605823.0,307321.0,68866974.0
South America,Argentina,2021-12-27,45605823.0,72073.0,68939047.0
South America,Argentina,2021-12-28,45605823.0,858958.0,69798005.0
South America,Argentina,2021-12-31,45605823.0,82358.0,69880363.0
South America,Argentina,2022-01-01,45605823.0,22527.0,69902890.0
South America,Argentina,2022-01-02,45605823.0,130766.0,70033656.0
South America,Argentina,2022-01-09,45605823.0,201692.0,70235348.0
South America,Argentina,2022-01-10,45605823.0,426304.0,70661652.0
South America,Argentina,2022-01-11,45605823.0,476218.0,71137870.0
South America,Argentina,2022-01-12,45605823.0,482804.0,71620674.0
South America,Argentina,2022-01-13,45605823.0,463308.0,72083982.0
South America,Argentina,2022-01-14,45605823.0,455928.0,72539910.0
South America,Argentina,2022-01-15,45605823.0,242055.0,72781965.0
South America,Argentina,2022-01-16,45605823.0,170291.0,72952256.0
South America,Argentina,2022-01-19,45605823.0,453277.0,73405533.0
South America,Argentina,2022-01-20,45605823.0,883312.0,74288845.0
South America,Argentina,2022-01-21,45605823.0,394765.0,74683610.0
South America,Argentina,2022-01-22,45605823.0,216296.0,74899906.0
South America,Argentina,2022-01-23,45605823.0,141084.0,75040990.0
South America,Argentina,2022-01-28,45605823.0,373468.0,75414458.0
South America,Argentina,2022-01-29,45605823.0,371733.0,75786191.0
South America,Argentina,2022-01-30,45605823.0,315886.0,76102077.0
South America,Argentina,2022-01-31,45605823.0,363848.0,76465925.0
South America,Argentina,2022-02-01,45605823.0,367319.0,76833244.0
North America,Aruba,2021-04-13,107195.0,2515.0,2515.0
North America,Aruba,2021-04-14,107195.0,2612.0,5127.0
North America,Aruba,2021-04-15,107195.0,2346.0,7473.0
North America,Aruba,2021-04-16,107195.0,2409.0,9882.0
North America,Aruba,2021-04-17,107195.0,2627.0,12509.0
North America,Aruba,2021-04-18,107195.0,69.0,12578.0
North America,Aruba,2021-04-19,107195.0,2527.0,15105.0
North America,Aruba,2021-04-20,107195.0,2201.0,17306.0
North America,Aruba,2021-04-21,107195.0,1963.0,19269.0
North America,Aruba,2021-04-22,107195.0,1946.0,21215.0
North America,Aruba,2021-04-23,107195.0,3662.0,24877.0
North America,Aruba,2021-04-24,107195.0,1329.0,26206.0
North America,Aruba,2021-04-25,107195.0,3824.0,30030.0
North America,Aruba,2021-04-26,107195.0,257.0,30287.0
North America,Aruba,2021-04-29,107195.0,1178.0,31465.0
North America,Aruba,2021-04-30,107195.0,1019.0,32484.0
North America,Aruba,2021-05-04,107195.0,1228.0,33712.0
North America,Aruba,2021-05-05,107195.0,546.0,34258.0
North America,Aruba,2021-05-06,107195.0,51.0,34309.0
North America,Aruba,2021-05-07,107195.0,705.0,35014.0
North America,Aruba,2021-05-08,107195.0,441.0,35455.0
North America,Aruba,2021-05-11,107195.0,1261.0,36716.0
North America,Aruba,2021-05-12,107195.0,1362.0,38078.0
North America,Aruba,2021-05-13,107195.0,1202.0,39280.0
North America,Aruba,2021-05-14,107195.0,2095.0,41375.0
North America,Aruba,2021-05-15,107195.0,1066.0,42441.0
North America,Aruba,2021-05-18,107195.0,2728.0,45169.0
North America,Aruba,2021-05-19,107195.0,2273.0,47442.0
North America,Aruba,2021-05-20,107195.0,1914.0,49356.0
North America,Aruba,2021-05-21,107195.0,2082.0,51438.0
North America,Aruba,2021-05-22,107195.0,3392.0,54830.0
North America,Aruba,2021-05-23,107195.0,5076.0,59906.0
North America,Aruba,2021-05-24,107195.0,1285.0,61191.0
North America,Aruba,2021-05-25,107195.0,1621.0,62812.0
North America,Aruba,2021-05-26,107195.0,288.0,63100.0
North America,Aruba,2021-05-27,107195.0,651.0,63751.0
North America,Aruba,2021-05-28,107195.0,782.0,64533.0
North America,Aruba,2021-05-29,107195.0,564.0,65097.0
North America,Aruba,2021-06-01,107195.0,478.0,65575.0
North America,Aruba,2021-06-02,107195.0,512.0,66087.0
North America,Aruba,2021-06-03,107195.0,1419.0,67506.0
North America,Aruba,2021-06-04,107195.0,14.0,67520.0
North America,Aruba,2021-06-07,107195.0,457.0,67977.0
North America,Aruba,2021-06-08,107195.0,660.0,68637.0
North America,Aruba,2021-06-09,107195.0,620.0,69257.0
North America,Aruba,2021-06-10,107195.0,557.0,69814.0
North America,Aruba,2021-06-11,107195.0,522.0,70336.0
North America,Aruba,2021-06-12,107195.0,2076.0,72412.0
North America,Aruba,2021-06-15,107195.0,395.0,72807.0
North America,Aruba,2021-06-16,107195.0,411.0,73218.0
North America,Aruba,2021-06-17,107195.0,435.0,73653.0
North America,Aruba,2021-06-18,107195.0,456.0,74109.0
North America,Aruba,2021-06-21,107195.0,423.0,74532.0
North America,Aruba,2021-06-22,107195.0,19.0,74551.0
North America,Aruba,2021-06-23,107195.0,524.0,75075.0
North America,Aruba,2021-06-24,107195.0,433.0,75508.0
North America,Aruba,2021-06-28,107195.0,585.0,76093.0
North America,Aruba,2021-06-29,107195.0,512.0,76605.0
North America,Aruba,2021-06-30,107195.0,869.0,77474.0
North America,Aruba,2021-07-01,107195.0,160.0,77634.0
North America,Aruba,2021-07-02,107195.0,568.0,78202.0
North America,Aruba,2021-07-06,107195.0,587.0,78789.0
North America,Aruba,2021-07-07,107195.0,484.0,79273.0
North America,Aruba,2021-07-08,107195.0,475.0,79748.0
North America,Aruba,2021-07-09,107195.0,549.0,80297.0
North America,Aruba,2021-07-10,107195.0,1260.0,81557.0
North America,Aruba,2021-07-13,107195.0,371.0,81928.0
North America,Aruba,2021-07-14,107195.0,465.0,82393.0
North America,Aruba,2021-07-15,107195.0,547.0,82940.0
North America,Aruba,2021-07-16,107195.0,23.0,82963.0
North America,Aruba,2021-07-20,107195.0,11.0,82974.0
North America,Aruba,2021-07-21,107195.0,462.0,83436.0
North America,Aruba,2021-07-22,107195.0,467.0,83903.0
North America,Aruba,2021-07-23,107195.0,59.0,83962.0
North America,Aruba,2021-07-27,107195.0,508.0,84470.0
North America,Aruba,2021-07-28,107195.0,411.0,84881.0
North America,Aruba,2021-07-29,107195.0,398.0,85279.0
North America,Aruba,2021-07-30,107195.0,293.0,85572.0
North America,Aruba,2021-07-31,107195.0,911.0,86483.0
North America,Aruba,2021-08-01,107195.0,4.0,86487.0
North America,Aruba,2021-08-02,107195.0,175.0,86662.0
North America,Aruba,2021-08-03,107195.0,355.0,87017.0
North America,Aruba,2021-08-04,107195.0,79.0,87096.0
North America,Aruba,2021-08-05,107195.0,181.0,87277.0
North America,Aruba,2021-08-06,107195.0,263.0,87540.0
North America,Aruba,2021-08-10,107195.0,417.0,87957.0
North America,Aruba,2021-08-11,107195.0,597.0,88554.0
North America,Aruba,2021-08-12,107195.0,215.0,88769.0
North America,Aruba,2021-08-13,107195.0,495.0,89264.0
North America,Aruba,2021-08-17,107195.0,573.0,89837.0
North America,Aruba,2021-08-18,107195.0,424.0,90261.0
North America,Aruba,2021-08-19,107195.0,366.0,90627.0
North America,Aruba,2021-08-20,107195.0,265.0,90892.0
North America,Aruba,2021-08-23,107195.0,320.0,91212.0
North America,Aruba,2021-08-24,107195.0,242.0,91454.0
North America,Aruba,2021-08-25,107195.0,297.0,91751.0
North America,Aruba,2021-08-26,107195.0,287.0,92038.0
North America,Aruba,2021-08-27,107195.0,283.0,92321.0
North America,Aruba,2021-08-30,107195.0,76.0,92397.0
North America,Aruba,2021-08-31,107195.0,572.0,92969.0
North America,Aruba,2021-09-01,107195.0,407.0,93376.0
North America,Aruba,2021-09-02,107195.0,235.0,93611.0
North America,Aruba,2021-09-03,107195.0,180.0,93791.0
North America,Aruba,2021-09-07,107195.0,100.0,93891.0
North America,Aruba,2021-09-08,107195.0,284.0,94175.0
North America,Aruba,2021-09-09,107195.0,242.0,94417.0
North America,Aruba,2021-09-10,107195.0,250.0,94667.0
North America,Aruba,2021-09-11,107195.0,821.0,95488.0
North America,Aruba,2021-09-12,107195.0,1902.0,97390.0
North America,Aruba,2021-09-13,107195.0,4.0,97394.0
North America,Aruba,2021-09-14,107195.0,404.0,97798.0
North America,Aruba,2021-09-15,107195.0,464.0,98262.0
North America,Aruba,2021-09-16,107195.0,386.0,98648.0
North America,Aruba,2021-09-21,107195.0,393.0,99041.0
North America,Aruba,2021-09-22,107195.0,26.0,99067.0
North America,Aruba,2021-09-23,107195.0,217.0,99284.0
North America,Aruba,2021-09-24,107195.0,165.0,99449.0
North America,Aruba,2021-09-25,107195.0,108.0,99557.0
North America,Aruba,2021-09-26,107195.0,51.0,99608.0
North America,Aruba,2021-09-27,107195.0,93.0,99701.0
North America,Aruba,2021-09-28,107195.0,155.0,99856.0
North America,Aruba,2021-09-29,107195.0,153.0,100009.0
North America,Aruba,2021-09-30,107195.0,118.0,100127.0
North America,Aruba,2021-10-01,107195.0,176.0,100303.0
North America,Aruba,2021-10-02,107195.0,2.0,100305.0
North America,Aruba,2021-10-05,107195.0,203.0,100508.0
North America,Aruba,2021-10-06,107195.0,243.0,100751.0
North America,Aruba,2021-10-07,107195.0,205.0,100956.0
North America,Aruba,2021-10-08,107195.0,143.0,101099.0
North America,Aruba,2021-10-09,107195.0,1.0,101100.0
North America,Aruba,2021-10-10,107195.0,185.0,101285.0
North America,Aruba,2021-10-13,107195.0,201.0,101486.0
North America,Aruba,2021-10-14,107195.0,86.0,101572.0
North America,Aruba,2021-10-15,107195.0,113.0,101685.0
North America,Aruba,2021-10-19,107195.0,221.0,101906.0
North America,Aruba,2021-10-20,107195.0,112.0,102018.0
North America,Aruba,2021-10-21,107195.0,113.0,102131.0
North America,Aruba,2021-10-22,107195.0,150.0,102281.0
North America,Aruba,2021-10-26,107195.0,95.0,102376.0
North America,Aruba,2021-10-27,107195.0,159.0,102535.0
North America,Aruba,2021-10-28,107195.0,75.0,102610.0
North America,Aruba,2021-10-29,107195.0,156.0,102766.0
North America,Aruba,2021-11-02,107195.0,94.0,102860.0
North America,Aruba,2021-11-03,107195.0,233.0,103093.0
North America,Aruba,2021-11-09,107195.0,73.0,103166.0
North America,Aruba,2021-11-10,107195.0,158.0,103324.0
North America,Aruba,2021-11-11,107195.0,110.0,103434.0
North America,Aruba,2021-11-12,107195.0,123.0,103557.0
North America,Aruba,2021-11-16,107195.0,91.0,103648.0
North America,Aruba,2021-11-17,107195.0,121.0,103769.0
North America,Aruba,2021-11-18,107195.0,80.0,103849.0
North America,Aruba,2021-11-19,107195.0,161.0,104010.0
North America,Aruba,2021-11-20,107195.0,1.0,104011.0
North America,Aruba,2021-11-21,107195.0,87.0,104098.0
North America,Aruba,2021-11-22,107195.0,7.0,104105.0
North America,Aruba,2021-11-23,107195.0,129.0,104234.0
North America,Aruba,2021-11-24,107195.0,65.0,104299.0
North America,Aruba,2021-11-25,107195.0,158.0,104457.0
North America,Aruba,2021-11-26,107195.0,34.0,104491.0
North America,Aruba,2021-11-27,107195.0,18.0,104509.0
North America,Aruba,2021-11-28,107195.0,24.0,104533.0
North America,Aruba,2021-11-29,107195.0,4.0,104537.0
North America,Aruba,2021-11-30,107195.0,4.0,104541.0
North America,Aruba,2021-12-01,107195.0,5.0,104546.0
North America,Aruba,2021-12-02,107195.0,131.0,104677.0
North America,Aruba,2021-12-03,107195.0,134.0,104811.0
North America,Aruba,2021-12-07,107195.0,111.0,104922.0
North America,Aruba,2021-12-08,107195.0,78.0,105000.0
North America,Aruba,2021-12-09,107195.0,76.0,105076.0
North America,Aruba,2021-12-10,107195.0,68.0,105144.0
North America,Aruba,2021-12-14,107195.0,44.0,105188.0
North America,Aruba,2021-12-15,107195.0,79.0,105267.0
North America,Aruba,2021-12-16,107195.0,57.0,105324.0
North America,Aruba,2021-12-17,107195.0,195.0,105519.0
North America,Aruba,2021-12-23,107195.0,141.0,105660.0
North America,Aruba,2021-12-24,107195.0,1.0,105661.0
North America,Aruba,2021-12-28,107195.0,208.0,105869.0
North America,Aruba,2022-01-05,107195.0,113.0,105982.0
North America,Aruba,2022-01-06,107195.0,147.0,106129.0
North America,Aruba,2022-01-07,107195.0,62.0,106191.0
North America,Aruba,2022-01-11,107195.0,53.0,106244.0
North America,Aruba,2022-01-12,107195.0,146.0,106390.0
North America,Aruba,2022-01-13,107195.0,52.0,106442.0
North America,Aruba,2022-01-14,107195.0,79.0,106521.0
North America,Aruba,2022-01-15,107195.0,10.0,106531.0
North America,Aruba,2022-01-18,107195.0,108.0,106639.0
North America,Aruba,2022-01-19,107195.0,100.0,106739.0
North America,Aruba,2022-01-20,107195.0,83.0,106822.0
North America,Aruba,2022-01-21,107195.0,577.0,107399.0
North America,Aruba,2022-01-22,107195.0,110.0,107509.0
North America,Aruba,2022-01-23,107195.0,301.0,107810.0
North America,Aruba,2022-01-28,107195.0,109.0,107919.0
North America,Aruba,2022-02-01,107195.0,91.0,108010.0
Oceania,Australia,2021-02-22,25788217.0,2769.0,2769.0
Oceania,Australia,2021-02-23,25788217.0,4125.0,6894.0
Oceania,Australia,2021-02-24,25788217.0,9715.0,16609.0
Oceania,Australia,2021-02-25,25788217.0,6881.0,23490.0
Oceania,Australia,2021-02-26,25788217.0,6490.0,29980.0
Oceania,Australia,2021-02-27,25788217.0,1894.0,31874.0
Oceania,Australia,2021-02-28,25788217.0,2736.0,34610.0
Oceania,Australia,2021-03-01,25788217.0,7277.0,41887.0
Oceania,Australia,2021-03-02,25788217.0,9163.0,51050.0
Oceania,Australia,2021-03-03,25788217.0,9939.0,60989.0
Oceania,Australia,2021-03-04,25788217.0,10858.0,71847.0
Oceania,Australia,2021-03-05,25788217.0,5073.0,76920.0
Oceania,Australia,2021-03-06,25788217.0,4405.0,81325.0
Oceania,Australia,2021-03-07,25788217.0,5024.0,86349.0
Oceania,Australia,2021-03-08,25788217.0,8539.0,94888.0
Oceania,Australia,2021-03-09,25788217.0,13420.0,108308.0
Oceania,Australia,2021-03-10,25788217.0,16672.0,124980.0
Oceania,Australia,2021-03-11,25788217.0,10109.0,135089.0
Oceania,Australia,2021-03-12,25788217.0,24185.0,159274.0
Oceania,Australia,2021-03-13,25788217.0,3257.0,162531.0
Oceania,Australia,2021-03-14,25788217.0,2230.0,164761.0
Oceania,Australia,2021-03-15,25788217.0,17656.0,182417.0
Oceania,Australia,2021-03-16,25788217.0,21120.0,203537.0
Oceania,Australia,2021-03-17,25788217.0,22500.0,226037.0
Oceania,Australia,2021-03-18,25788217.0,14697.0,240734.0
Oceania,Australia,2021-03-19,25788217.0,13077.0,253811.0
Oceania,Australia,2021-03-20,25788217.0,2951.0,256762.0
Oceania,Australia,2021-03-21,25788217.0,25178.0,281940.0
Oceania,Australia,2021-03-22,25788217.0,30542.0,312482.0
Oceania,Australia,2021-03-23,25788217.0,46000.0,358482.0
Oceania,Australia,2021-03-24,25788217.0,49908.0,408390.0
Oceania,Australia,2021-03-25,25788217.0,51745.0,460135.0
Oceania,Australia,2021-03-26,25788217.0,46310.0,506445.0
Oceania,Australia,2021-03-27,25788217.0,17724.0,524169.0
Oceania,Australia,2021-03-28,25788217.0,17572.0,541741.0
Oceania,Australia,2021-03-29,25788217.0,55764.0,597505.0
Oceania,Australia,2021-03-30,25788217.0,72826.0,670331.0
Oceania,Australia,2021-03-31,25788217.0,73979.0,744310.0
Oceania,Australia,2021-04-01,25788217.0,79283.0,823593.0
Oceania,Australia,2021-04-02,25788217.0,4446.0,828039.0
Oceania,Australia,2021-04-03,25788217.0,15123.0,843162.0
Oceania,Australia,2021-04-04,25788217.0,1127.0,844289.0
Oceania,Australia,2021-04-05,25788217.0,10674.0,854963.0
Oceania,Australia,2021-04-06,25788217.0,65351.0,920314.0
Oceania,Australia,2021-04-07,25788217.0,75880.0,996194.0
Oceania,Australia,2021-04-08,25788217.0,81297.0,1077491.0
Oceania,Australia,2021-04-09,25788217.0,61355.0,1138846.0
Oceania,Australia,2021-04-10,25788217.0,27702.0,1166548.0
Oceania,Australia,2021-04-11,25788217.0,11734.0,1178282.0
Oceania,Australia,2021-04-12,25788217.0,56379.0,1234661.0
Oceania,Australia,2021-04-13,25788217.0,60991.0,1295652.0
Oceania,Australia,2021-04-14,25788217.0,63633.0,1359285.0
Oceania,Australia,2021-04-15,25788217.0,61272.0,1420557.0
Oceania,Australia,2021-04-16,25788217.0,53981.0,1474538.0
Oceania,Australia,2021-04-17,25788217.0,22354.0,1496892.0
Oceania,Australia,2021-04-18,25788217.0,89644.0,1586536.0
Oceania,Australia,2021-04-19,25788217.0,66730.0,1653266.0
Oceania,Australia,2021-04-20,25788217.0,64821.0,1718087.0
Oceania,Australia,2021-04-21,25788217.0,67591.0,1785678.0
Oceania,Australia,2021-04-22,25788217.0,69903.0,1855581.0
Oceania,Australia,2021-04-23,25788217.0,58446.0,1914027.0
Oceania,Australia,2021-04-24,25788217.0,20030.0,1934057.0
Oceania,Australia,2021-04-25,25788217.0,3408.0,1937465.0
Oceania,Australia,2021-04-26,25788217.0,31852.0,1969317.0
Oceania,Australia,2021-04-27,25788217.0,60207.0,2029524.0
Oceania,Australia,2021-04-28,25788217.0,82741.0,2112265.0
Oceania,Australia,2021-04-29,25788217.0,67259.0,2179524.0
Oceania,Australia,2021-04-30,25788217.0,55300.0,2234824.0
Oceania,Australia,2021-05-01,25788217.0,19230.0,2254054.0
Oceania,Australia,2021-05-02,25788217.0,6541.0,2260595.0
Oceania,Australia,2021-05-03,25788217.0,56354.0,2316949.0
Oceania,Australia,2021-05-04,25788217.0,79345.0,2396294.0
Oceania,Australia,2021-05-05,25788217.0,77215.0,2473509.0
Oceania,Australia,2021-05-06,25788217.0,81002.0,2554511.0
Oceania,Australia,2021-05-07,25788217.0,73194.0,2627705.0
Oceania,Australia,2021-05-08,25788217.0,26613.0,2654318.0
Oceania,Australia,2021-05-09,25788217.0,8883.0,2663201.0
Oceania,Australia,2021-05-10,25788217.0,72886.0,2736087.0
Oceania,Australia,2021-05-11,25788217.0,76379.0,2812466.0
Oceania,Australia,2021-05-12,25788217.0,82284.0,2894750.0
Oceania,Australia,2021-05-13,25788217.0,85874.0,2980624.0
Oceania,Australia,2021-05-14,25788217.0,76153.0,3056777.0
Oceania,Australia,2021-05-15,25788217.0,32387.0,3089164.0
Oceania,Australia,2021-05-16,25788217.0,10953.0,3100117.0
Oceania,Australia,2021-05-17,25788217.0,83187.0,3183304.0
Oceania,Australia,2021-05-18,25788217.0,95530.0,3278834.0
Oceania,Australia,2021-05-19,25788217.0,92874.0,3371708.0
Oceania,Australia,2021-05-20,25788217.0,101146.0,3472854.0
Oceania,Australia,2021-05-25,25788217.0,104658.0,3577512.0
Oceania,Australia,2021-05-26,25788217.0,111388.0,3688900.0
Oceania,Australia,2021-05-27,25788217.0,124871.0,3813771.0
Oceania,Australia,2021-05-28,25788217.0,121610.0,3935381.0
Oceania,Australia,2021-05-29,25788217.0,59750.0,3995131.0
Oceania,Australia,2021-05-30,25788217.0,30701.0,4025832.0
Oceania,Australia,2021-05-31,25788217.0,119139.0,4144971.0
Oceania,Australia,2021-06-01,25788217.0,138705.0,4283676.0
Oceania,Australia,2021-06-02,25788217.0,141259.0,4424935.0
Oceania,Australia,2021-06-03,25788217.0,143659.0,4568594.0
Oceania,Australia,2021-06-04,25788217.0,141245.0,4709839.0
Oceania,Australia,2021-06-05,25788217.0,88745.0,4798584.0
Oceania,Australia,2021-06-06,25788217.0,60061.0,4858645.0
Oceania,Australia,2021-06-07,25788217.0,127564.0,4986209.0
Oceania,Australia,2021-06-08,25788217.0,140885.0,5127094.0
Oceania,Australia,2021-06-09,25788217.0,142808.0,5269902.0
Oceania,Australia,2021-06-10,25788217.0,153338.0,5423240.0
Oceania,Australia,2021-06-14,25788217.0,63946.0,5487186.0
Oceania,Australia,2021-06-15,25788217.0,152075.0,5639261.0
Oceania,Australia,2021-06-16,25788217.0,136010.0,5775271.0
Oceania,Australia,2021-06-17,25788217.0,141336.0,5916607.0
Oceania,Australia,2021-06-18,25788217.0,130810.0,6047417.0
Oceania,Australia,2021-06-19,25788217.0,64553.0,6111970.0
Oceania,Australia,2021-06-20,25788217.0,34712.0,6146682.0
Oceania,Australia,2021-06-21,25788217.0,128643.0,6275325.0
Oceania,Australia,2021-06-22,25788217.0,140892.0,6416217.0
Oceania,Australia,2021-06-23,25788217.0,138922.0,6555139.0
Oceania,Australia,2021-06-24,25788217.0,138434.0,6693573.0
Oceania,Australia,2021-06-25,25788217.0,119973.0,6813546.0
Oceania,Australia,2021-06-26,25788217.0,68715.0,6882261.0
Oceania,Australia,2021-06-27,25788217.0,48346.0,6930607.0
Oceania,Australia,2021-06-28,25788217.0,126034.0,7056641.0
Oceania,Australia,2021-06-29,25788217.0,144885.0,7201526.0
Oceania,Australia,2021-06-30,25788217.0,96951.0,7298477.0
Oceania,Australia,2021-07-01,25788217.0,185318.0,7483795.0
Oceania,Australia,2021-07-02,25788217.0,154817.0,7638612.0
Oceania,Australia,2021-07-03,25788217.0,92986.0,7731598.0
Oceania,Australia,2021-07-04,25788217.0,50329.0,7781927.0
Oceania,Australia,2021-07-05,25788217.0,135044.0,7916971.0
Oceania,Australia,2021-07-06,25788217.0,159464.0,8076435.0
Oceania,Australia,2021-07-07,25788217.0,149630.0,8226065.0
Oceania,Australia,2021-07-08,25788217.0,156750.0,8382815.0
Oceania,Australia,2021-07-09,25788217.0,144830.0,8527645.0
Oceania,Australia,2021-07-10,25788217.0,98665.0,8626310.0
Oceania,Australia,2021-07-11,25788217.0,53418.0,8679728.0
Oceania,Australia,2021-07-12,25788217.0,146118.0,8825846.0
Oceania,Australia,2021-07-13,25788217.0,168921.0,8994767.0
Oceania,Australia,2021-07-14,25788217.0,170025.0,9164792.0
Oceania,Australia,2021-07-15,25788217.0,171692.0,9336484.0
Oceania,Australia,2021-07-16,25788217.0,162759.0,9499243.0
Oceania,Australia,2021-07-17,25788217.0,102528.0,9601771.0
Oceania,Australia,2021-07-18,25788217.0,57329.0,9659100.0
Oceania,Australia,2021-07-19,25788217.0,167185.0,9826285.0
Oceania,Australia,2021-07-20,25788217.0,173432.0,9999717.0
Oceania,Australia,2021-07-21,25788217.0,194940.0,10194657.0
Oceania,Australia,2021-07-22,25788217.0,188180.0,10382837.0
Oceania,Australia,2021-07-23,25788217.0,184359.0,10567196.0
Oceania,Australia,2021-07-24,25788217.0,118979.0,10686175.0
Oceania,Australia,2021-07-25,25788217.0,69575.0,10755750.0
Oceania,Australia,2021-07-26,25788217.0,179667.0,10935417.0
Oceania,Australia,2021-07-27,25788217.0,191392.0,11126809.0
Oceania,Australia,2021-07-28,25788217.0,223220.0,11350029.0
Oceania,Australia,2021-07-29,25788217.0,204939.0,11554968.0
Oceania,Australia,2021-07-30,25788217.0,210770.0,11765738.0
Oceania,Australia,2021-07-31,25788217.0,124274.0,11890012.0
Oceania,Australia,2021-08-01,25788217.0,76056.0,11966068.0
Oceania,Australia,2021-08-02,25788217.0,189313.0,12155381.0
Oceania,Australia,2021-08-03,25788217.0,219092.0,12374473.0
Oceania,Australia,2021-08-04,25788217.0,222697.0,12597170.0
Oceania,Australia,2021-08-05,25788217.0,239906.0,12837076.0
Oceania,Australia,2021-08-06,25788217.0,235991.0,13073067.0
Oceania,Australia,2021-08-07,25788217.0,155934.0,13229001.0
Oceania,Australia,2021-08-08,25788217.0,87408.0,13316409.0
Oceania,Australia,2021-08-09,25788217.0,217785.0,13534194.0
Oceania,Australia,2021-08-10,25788217.0,266264.0,13800458.0
Oceania,Australia,2021-08-11,25788217.0,262964.0,14063422.0
Oceania,Australia,2021-08-12,25788217.0,269793.0,14333215.0
Oceania,Australia,2021-08-13,25788217.0,279022.0,14612237.0
Oceania,Australia,2021-08-14,25788217.0,164561.0,14776798.0
Oceania,Australia,2021-08-15,25788217.0,94301.0,14871099.0
Oceania,Australia,2021-08-16,25788217.0,278827.0,15149926.0
Oceania,Australia,2021-08-17,25788217.0,273299.0,15423225.0
Oceania,Australia,2021-08-18,25788217.0,308344.0,15731569.0
Oceania,Australia,2021-08-19,25788217.0,302685.0,16034254.0
Oceania,Australia,2021-08-20,25788217.0,309846.0,16344100.0
Oceania,Australia,2021-08-21,25788217.0,195590.0,16539690.0
Oceania,Australia,2021-08-22,25788217.0,139281.0,16678971.0
Oceania,Australia,2021-08-23,25788217.0,289175.0,16968146.0
Oceania,Australia,2021-08-24,25788217.0,306095.0,17274241.0
Oceania,Australia,2021-08-25,25788217.0,333993.0,17608234.0
Oceania,Australia,2021-08-26,25788217.0,306438.0,17914672.0
Oceania,Australia,2021-08-27,25788217.0,315575.0,18230247.0
Oceania,Australia,2021-08-28,25788217.0,220152.0,18450399.0
Oceania,Australia,2021-08-29,25788217.0,158104.0,18608503.0
Oceania,Australia,2021-08-30,25788217.0,276585.0,18885088.0
Oceania,Australia,2021-08-31,25788217.0,333975.0,19219063.0
Oceania,Australia,2021-09-01,25788217.0,329845.0,19548908.0
Oceania,Australia,2021-09-02,25788217.0,300673.0,19849581.0
Oceania,Australia,2021-09-03,25788217.0,311513.0,20161094.0
Oceania,Australia,2021-09-04,25788217.0,213095.0,20374189.0
Oceania,Australia,2021-09-05,25788217.0,130266.0,20504455.0
Oceania,Australia,2021-09-06,25788217.0,258277.0,20762732.0
Oceania,Australia,2021-09-07,25788217.0,293861.0,21056593.0
Oceania,Australia,2021-09-08,25788217.0,310741.0,21367334.0
Oceania,Australia,2021-09-09,25788217.0,318262.0,21685596.0
Oceania,Australia,2021-09-10,25788217.0,302779.0,21988375.0
Oceania,Australia,2021-09-11,25788217.0,195289.0,22183664.0
Oceania,Australia,2021-09-12,25788217.0,132878.0,22316542.0
Oceania,Australia,2021-09-13,25788217.0,340310.0,22656852.0
Oceania,Australia,2021-09-14,25788217.0,301560.0,22958412.0
Oceania,Australia,2021-09-15,25788217.0,305082.0,23263494.0
Oceania,Australia,2021-09-16,25788217.0,301520.0,23565014.0
Oceania,Australia,2021-09-17,25788217.0,337449.0,23902463.0
Oceania,Australia,2021-09-18,25788217.0,226429.0,24128892.0
Oceania,Australia,2021-09-19,25788217.0,172274.0,24301166.0
Oceania,Australia,2021-09-20,25788217.0,320356.0,24621522.0
Oceania,Australia,2021-09-21,25788217.0,331055.0,24952577.0
Oceania,Australia,2021-09-22,25788217.0,336435.0,25289012.0
Oceania,Australia,2021-09-23,25788217.0,346941.0,25635953.0
Oceania,Australia,2021-09-24,25788217.0,310453.0,25946406.0
Oceania,Australia,2021-09-25,25788217.0,218706.0,26165112.0
Oceania,Australia,2021-09-26,25788217.0,144965.0,26310077.0
Oceania,Australia,2021-09-27,25788217.0,302732.0,26612809.0
Oceania,Australia,2021-09-28,25788217.0,330962.0,26943771.0
Oceania,Australia,2021-09-29,25788217.0,307852.0,27251623.0
Oceania,Australia,2021-09-30,25788217.0,340206.0,27591829.0
Oceania,Australia,2021-10-01,25788217.0,325998.0,27917827.0
Oceania,Australia,2021-10-02,25788217.0,210672.0,28128499.0
Oceania,Australia,2021-10-03,25788217.0,138143.0,28266642.0
Oceania,Australia,2021-10-04,25788217.0,185229.0,28451871.0
Oceania,Australia,2021-10-05,25788217.0,349856.0,28801727.0
Oceania,Australia,2021-10-06,25788217.0,335452.0,29137179.0
Oceania,Australia,2021-10-07,25788217.0,330622.0,29467801.0
Oceania,Australia,2021-10-08,25788217.0,330414.0,29798215.0
Oceania,Australia,2021-10-09,25788217.0,235638.0,30033853.0
Oceania,Australia,2021-10-10,25788217.0,165605.0,30199458.0
Oceania,Australia,2021-10-11,25788217.0,312260.0,30511718.0
Oceania,Australia,2021-10-12,25788217.0,336239.0,30847957.0
Oceania,Australia,2021-10-13,25788217.0,318459.0,31166416.0
Oceania,Australia,2021-10-14,25788217.0,312722.0,31479138.0
Oceania,Australia,2021-10-15,25788217.0,298975.0,31778113.0
Oceania,Australia,2021-10-16,25788217.0,195901.0,31974014.0
Oceania,Australia,2021-10-17,25788217.0,159057.0,32133071.0
Oceania,Australia,2021-10-18,25788217.0,277427.0,32410498.0
Oceania,Australia,2021-10-19,25788217.0,275350.0,32685848.0
Oceania,Australia,2021-10-20,25788217.0,274371.0,32960219.0
Oceania,Australia,2021-10-21,25788217.0,277103.0,33237322.0
Oceania,Australia,2021-10-22,25788217.0,270165.0,33507487.0
Oceania,Australia,2021-10-23,25788217.0,191856.0,33699343.0
Oceania,Australia,2021-10-24,25788217.0,125546.0,33824889.0
Oceania,Australia,2021-10-25,25788217.0,232426.0,34057315.0
Oceania,Australia,2021-10-26,25788217.0,224311.0,34281626.0
Oceania,Australia,2021-10-27,25788217.0,217681.0,34499307.0
Oceania,Australia,2021-10-28,25788217.0,223461.0,34722768.0
Oceania,Australia,2021-10-29,25788217.0,206993.0,34929761.0
Oceania,Australia,2021-10-30,25788217.0,142042.0,35071803.0
Oceania,Australia,2021-10-31,25788217.0,87229.0,35159032.0
Oceania,Australia,2021-11-01,25788217.0,222150.0,35381182.0
Oceania,Australia,2021-11-02,25788217.0,164592.0,35545774.0
Oceania,Australia,2021-11-03,25788217.0,194829.0,35740603.0
Oceania,Australia,2021-11-04,25788217.0,194415.0,35935018.0
Oceania,Australia,2021-11-05,25788217.0,197031.0,36132049.0
Oceania,Australia,2021-11-06,25788217.0,120967.0,36253016.0
Oceania,Australia,2021-11-07,25788217.0,66426.0,36319442.0
Oceania,Australia,2021-11-08,25788217.0,155259.0,36474701.0
Oceania,Australia,2021-11-09,25788217.0,149289.0,36623990.0
Oceania,Australia,2021-11-10,25788217.0,153985.0,36777975.0
Oceania,Australia,2021-11-11,25788217.0,161921.0,36939896.0
Oceania,Australia,2021-11-12,25788217.0,160104.0,37100000.0
Oceania,Australia,2021-11-13,25788217.0,90364.0,37190364.0
Oceania,Australia,2021-11-14,25788217.0,61317.0,37251681.0
Oceania,Australia,2021-11-15,25788217.0,140126.0,37391807.0
Oceania,Australia,2021-11-16,25788217.0,136366.0,37528173.0
Oceania,Australia,2021-11-17,25788217.0,128398.0,37656571.0
Oceania,Australia,2021-11-18,25788217.0,127813.0,37784384.0
Oceania,Australia,2021-11-19,25788217.0,120321.0,37904705.0
Oceania,Australia,2021-11-20,25788217.0,72034.0,37976739.0
Oceania,Australia,2021-11-21,25788217.0,23351.0,38000090.0
Oceania,Australia,2021-11-22,25788217.0,142490.0,38142580.0
Oceania,Australia,2021-11-23,25788217.0,108657.0,38251237.0
Oceania,Australia,2021-11-24,25788217.0,105772.0,38357009.0
Oceania,Australia,2021-11-25,25788217.0,105906.0,38462915.0
Oceania,Australia,2021-11-26,25788217.0,104321.0,38567236.0
Oceania,Australia,2021-11-27,25788217.0,51559.0,38618795.0
Oceania,Australia,2021-11-28,25788217.0,32734.0,38651529.0
Oceania,Australia,2021-11-29,25788217.0,95215.0,38746744.0
Oceania,Australia,2021-11-30,25788217.0,92151.0,38838895.0
Oceania,Australia,2021-12-01,25788217.0,92675.0,38931570.0
Oceania,Australia,2021-12-02,25788217.0,98936.0,39030506.0
Oceania,Australia,2021-12-03,25788217.0,98274.0,39128780.0
Oceania,Australia,2021-12-04,25788217.0,48957.0,39177737.0
Oceania,Australia,2021-12-05,25788217.0,30608.0,39208345.0
Oceania,Australia,2021-12-06,25788217.0,86815.0,39295160.0
Oceania,Australia,2021-12-07,25788217.0,88333.0,39383493.0
Oceania,Australia,2021-12-08,25788217.0,95133.0,39478626.0
Oceania,Australia,2021-12-09,25788217.0,96554.0,39575180.0
Oceania,Australia,2021-12-10,25788217.0,86258.0,39661438.0
Oceania,Australia,2021-12-11,25788217.0,49260.0,39710698.0
Oceania,Australia,2021-12-12,25788217.0,22884.0,39733582.0
Oceania,Australia,2021-12-13,25788217.0,153523.0,39887105.0
Oceania,Australia,2021-12-14,25788217.0,161527.0,40048632.0
Oceania,Australia,2021-12-15,25788217.0,183047.0,40231679.0
Oceania,Australia,2021-12-16,25788217.0,198405.0,40430084.0
Oceania,Australia,2021-12-17,25788217.0,208631.0,40638715.0